Typ záznamu;Obrázek;Obchod v obrázku;Číslo dle názvu obrázku;Obchod (deník);Datum;Čas;Trh;L/S;Vstup;SL;SL (tick);PT;PT (tick);RRR;MAE (hodnota);MAE (tick);MFE (hodnota);MFE (tick);Zisk;Ztráta;P/L;Výstup;Čas výstupu;Vstupní zóna;Typ PT;Typ SL;PW-SW;OUT: C výstup;OUT: B výstup;Trend směr;TL zdroj;TL typ;TL sklon (°);TL sklon (bodů/min);TL bod 1;TL bod 2;TL cena v čase vstupu;Graf px/bod;Graf px/min;OHLC předchozího dne;S/R úrovně;Úroveň vstupní zóny;Poznámka;Zpracováno
GUESSED;"1.png; 373.png; 526.png";1;1;;2014-10-20;19:59;NQZ4;1;3840,00;3838,25;7;3845,25;21;3,00;3839,75;1;3851,00;44;1;0;100;3845,25;20:02;A;A;A;Ne;;;UP;zakreslená žlutá;hlavní;22,5;0,155;17:06 @ 3811,75;20:31 @ 3843,50;3838,50;10,68;4,00;3840,50;3830,25 modrá | 3812,00 modrá;3840,50 OHLC;"MAE/MFE: okno do konce grafu (20:31); TL převzata ze zakreslené čáry v 373.png";2026-09-24
GUESSED;"2.png; 376.png; 527.png";1;2;;2014-10-21;20:48;NQZ4;1;3948,00;3946,00;8;3955,75;31;3,88;3947,50;2;3974,50;106;1;0;150;3955,75;21:12;C;A;A;Ano;;;UP;zakreslená zelená;aktuální;19,9;0,110;19:37 @ 3941,25;22:52 @ 3961,25;3949,25;13,13;4,00;;3949,25 černá | 3928,50 černá;3949,25 S/R černá;"infobox IN 3848,00 -> opraveno na 3948,00 (dle grafu); infobox OUT 3855,75 -> opraveno na 3955,75 (dle grafu); MAE/MFE: okno do konce grafu (22:36); TL převzata ze zakreslené čáry v 376.png";2026-09-24
GUESSED;"3.4.png; 379.png; 528.png";1;3;;2014-10-22;20:27;NQZ4;0;3955,50;3958,50;12;3948,50;28;2,33;3956,50;4;3946,75;35;1;0;135;3948,50;20:33;C;A;A;Ne;;;DOWN;zakreslená červená;aktuální;18,4;0,091;19:08 @ 3963,25;22:53 @ 3944,00;3956,00;14,54;4,00;3976,00 | 3974,25;3966,25 černá | 3957,25 modrá | 3953,25 modrá | 3945,75 modrá;3957,25 S/R modrá;TL převzata ze zakreslené čáry v 379.png;2026-09-24
GUESSED;"3.4.png; 379.png; 528.png";2;4;;2014-10-22;20:58;NQZ4;0;3958,50;3960,25;7;3953,25;21;3,00;3962,75;17;3939,50;76;0;1;-40;3960,25;20:59;B;B;A;Ne;;;DOWN;zakreslená žlutá;hlavní;10,0;0,048;18:22 @ 3965,75;22:53 @ 3953,25;3958,25;14,54;4,00;3976,00 | 3974,25;3966,25 černá | 3957,25 modrá | 3953,25 modrá | 3945,75 modrá;3957,25 S/R modrá;"MAE/MFE: okno do konce grafu (22:38); TL převzata ze zakreslené čáry v 379.png";2026-09-24
GUESSED;"5.6.png; 382.png; 529.png";1;5;;2014-10-27;17:20;NQZ4;0;4030,25;4032,25;8;4024,75;22;2,75;4032,50;9;4026,00;17;0;1;-45;4032,25;17:35;B;A;B;Ne;;;DOWN;zakreslená žlutá;hlavní;40,6;0,175;16:35 @ 4037,50;17:56 @ 4023,50;4029,75;19,61;4,00;4038,50 | 4038,00;4041,75 černá | 4032,25 modrá;4032,25 S/R modrá;TL převzata ze zakreslené čáry v 382.png;2026-09-24
GUESSED;"5.6.png; 382.png; 529.png";2;6;;2014-10-27;20:59;NQZ4;1;4037,75;4035,50;9;4042,25;18;2,00;4037,50;1;4043,75;24;1;0;85;4042,25;21:04;A;A;A;Ano;;;UP;zakreslená žlutá;hlavní;34,5;0,140;19:58 @ 4029,25;21:52 @ 4043,25;4037,75;19,61;4,00;4038,50 | 4038,00;4041,75 černá | 4032,25 modrá;4038,00 OHLC;TL převzata ze zakreslené čáry v 382.png;2026-09-24
GUESSED;"7.8.png; 385.png; 534.png";1;7;;2014-10-28;17:10;NQZ4;0;4074,75;4076,00;5;4070,00;19;3,80;4075,25;2;4066,75;32;1;0;90;4070,00;17:41;B;A;B;Ne;;;DOWN;zakreslená žlutá;hlavní;23,1;0,106;16:31 @ 4080,25;18:52 @ 4065,25;4076,00;20,01;5,00;;4080,50 černá | 4073,75 černá;4073,75 S/R černá;TL převzata ze zakreslené čáry v 385.png;2026-09-24
GUESSED;"7.8.png; 385.png; 534.png";2;8;;2014-10-28;19:12;NQZ4;1;4082,00;4080,50;6;4085,00;12;2,00;4080,25;7;4087,25;21;0;1;-35;4080,50;19:19;B;A;A;Ano;;;UP;zakreslená žlutá;hlavní;29,0;0,139;17:48 @ 4068,00;20:01 @ 4086,50;4079,75;20,01;5,00;;4080,50 černá | 4073,75 černá;4080,50 S/R černá;"MAE/MFE: okno do konce grafu (20:01); TL převzata ze zakreslené čáry v 385.png";2026-09-24
REAL;8.png;1;8;474;2014-02-05;18:13;NQH4;1;3451,00;3449,00;8;3456,75;23;2,88;3446,75;17;3463,25;49;0;1;-45;3449,00;18:15;C;A;A;;3449,00;3449,00;UP;zakreslená zelená;aktuální;55,9;0,508;17:10 @ 3418,50;18:47 @ 3467,75;3450,50;11,62;4,00;3439,25 | 3439,00 | 3431,00;3465,25 černá | 3458,00 černá | 3450,75 černá | 3442,50 černá | 3424,75 černá;3450,75 S/R černá;"deník řádek 477 (obchod 474); RRR v infoboxu chybí – PT z červené čáry v grafu";2026-09-24
REAL;8.png;2;;475;2014-02-05;18:38;NQH4;1;3452,00;3450,25;7;3458,00;24;3,43;3450,75;5;3463,25;45;1;0;115;3458,00;19:04;C;C;A;;3450,75;3454,00;UP;zakreslená zelená;aktuální;28,9;0,190;17:40 @ 3439,50;20:08 @ 3467,75;3450,50;11,62;4,00;3439,25 | 3439,00 | 3431,00;3465,25 černá | 3458,00 černá | 3450,75 černá | 3442,50 černá | 3424,75 černá;3450,75 S/R černá;deník řádek 478 (obchod 475);2026-09-24
GUESSED;"9.png; 389.png; 537.png; 9997.png";1;9;;2014-11-03;18:16;NQZ4;1;4162,50;4160,75;7;4167,00;18;2,57;4162,50;0;4171,00;34;1;0;85;4167,00;18:43;A;A;A;Ne;;;UP;zakreslená žlutá;hlavní;19,2;0,080;16:21 @ 4155,50;20:12 @ 4174,00;4164,75;17,29;4,00;4163,50;4159,50 černá;4163,50 OHLC;TL převzata ze zakreslené čáry v 389.png;2026-09-24
GUESSED;"10.png; 396.png; 538.png; 9996.png";1;10;;2014-11-05;21:46;NQZ4;1;4142,75;4141,75;4;4145,75;12;3,00;4142,75;0;4150,00;29;1;0;55;4145,75;21:50;B;A;A;Ne;;;UP;zakreslená žlutá;hlavní;18,3;0,061;20:22 @ 4137,50;22:48 @ 4145,50;4142,50;21,63;4,00;4144,25;4152,00 černá | 4148,50 modrá | 4142,25 černá;4144,25 OHLC;TL převzata ze zakreslené čáry v 396.png;2026-09-24
GUESSED;"11.png; 399.png; 539.png; 9995.png";1;11;;2014-11-10;20:44;NQZ4;1;4171,25;4170,25;4;4174,75;14;3,50;4171,00;1;4175,75;18;1;0;65;4174,75;21:05;B;A;A;Ne;;;UP;zakreslená žlutá;hlavní;13,9;0,037;18:45 @ 4166,50;22:45 @ 4175,00;4171,00;26,54;4,00;4179,75;4177,00 modrá | 4170,00 černá;4170,00 S/R černá;TL převzata ze zakreslené čáry v 399.png;2026-09-24
GUESSED;"12.png; 402.png; 540.png";1;12;;2014-11-12;17:48;NQZ4;1;4187,00;4186,25;3;4189,50;10;3,33;4187,00;0;4189,50;10;1;0;45;4189,50;17:56;A;A;B;Ano;;;UP;zakreslená žlutá;hlavní;63,4;0,424;17:21 @ 4175,50;18:10 @ 4196,25;4186,75;18,86;4,00;4186,25 | 4183,00;4190,75 černá | 4178,00 modrá;4186,25 OHLC;TL převzata ze zakreslené čáry v 402.png;2026-09-24
GUESSED;"13.14.png; 425.png; 541.png";1;13;;2014-11-17;18:44;NQZ4;1;4212,00;4210,50;6;4216,50;18;3,00;4210,50;6;4214,50;10;0;1;-35;4210,50;18:56;C;A;B;Ano;;;UP;zakreslená zelená;aktuální;52,7;0,331;18:09 @ 4199,00;19:17 @ 4221,50;4210,50;15,88;4,00;4203,25;4214,25 černá | 4207,75 modrá;4214,25 S/R černá;TL převzata ze zakreslené čáry v 425.png;2026-09-24
GUESSED;"13.14.png; 425.png; 541.png";2;14;;2014-11-17;20:02;NQZ4;0;4213,25;4214,25;4;4210,50;11;2,75;4213,50;1;4209,25;16;1;0;50;4210,50;20:21;B;A;B;Ne;;;DOWN;zakreslená žlutá;hlavní;4,7;0,021;18:41 @ 4215,50;21:19 @ 4212,25;4213,75;15,88;4,00;4203,25;4214,25 černá | 4207,75 modrá;4214,25 S/R černá;TL převzata ze zakreslené čáry v 425.png;2026-09-24
REAL;14.png;1;14;480;2014-02-13;19:34;NQH4;1;3648,25;3647,25;4;3651,00;11;2,75;3647,75;2;3655,75;30;1;0;50;3651,00;19:42;B;B+;A;;3647,25;3650,25;UP;zakreslená žlutá;hlavní;34,6;0,100;18:12 @ 3638,75;21:08 @ 3656,25;3647,00;34,48;5,00;;3653,75 černá | 3648,50 černá | 3643,25 černá;3648,50 S/R černá;"deník řádek 483 (obchod 480); RRR v infoboxu chybí – SL z tyrkysové čáry v grafu";2026-09-24
GUESSED;"15.png; 431.png; 542.png; 9994.png";1;15;;2014-11-18;18:49;NQZ4;1;4237,00;4235,75;5;4239,75;11;2,20;4236,75;1;4243,75;27;1;0;50;4239,75;18:59;C;C;A;Ne;;;UP;zakreslená zelená;aktuální;20,9;0,072;17:45 @ 4232,50;20:05 @ 4242,75;4237,25;21,23;4,00;;4239,75 černá | 4236,75 černá;4236,75 S/R černá;TL převzata ze zakreslené čáry v 431.png;2026-09-25
GUESSED;"16.png; 438.png; 544.png";1;16;;2014-11-19;21:41;NQZ4;1;4219,50;4217,25;9;4226,00;26;2,89;4219,00;2;4227,50;32;1;0;125;4226,00;21:50;B;C;A;Ne;;;UP;zakreslená žlutá;hlavní;14,0;0,072;20:48 @ 4216,00;23:03 @ 4224,25;4220,00;13,83;4,00;4213,25;4233,00 modrá | 4226,00 černá | 4219,00 černá;4219,00 S/R černá;"MAE/MFE: okno do konce grafu (22:42); TL převzata ze zakreslené čáry v 438.png";2026-09-25
GUESSED;"17.png; 442.png; 545.png; 9993.png";1;17;;2014-11-24;19:44;NQZ4;1;4278,50;4277,50;4;4284,50;24;6,00;4278,00;2;4286,75;33;1;0;115;4284,50;21:51;B;C;A;Ne;;;UP;zakreslená žlutá;hlavní;13,6;0,038;17:07 @ 4271,50;22:20 @ 4283,50;4277,50;25,34;4,00;4284,50;4278,50 modrá | 4272,75 modrá;4278,50 S/R modrá;"MAE/MFE: okno do konce grafu (22:19); TL převzata ze zakreslené čáry v 442.png";2026-09-25
GUESSED;"18.png; 446.png; 546.png; 9992.png";1;18;;2014-11-25;20:27;NQZ4;1;4292,00;4291,25;3;4295,25;13;4,33;4290,00;8;4294,25;9;0;1;-20;4291,25;20:45;B;A;B;Ne;;;UP;zakreslená žlutá;hlavní;10,8;0,032;17:23 @ 4285,50;22:05 @ 4294,75;4291,50;23,46;4,00;4286,75;4291,25 černá;4291,25 S/R černá;TL převzata ze zakreslené čáry v 446.png;2026-09-25
GUESSED;"19.20.png; 450.png; 547.png";1;19;;2014-12-01;19:27;NQZ4;1;4303,75;4301,50;9;4308,50;19;2,11;4303,75;0;4309,75;24;1;0;90;4308,50;19:30;C;A;A;Ano;;;UP;zakreslená zelená;aktuální;37,5;0,272;19:14 @ 4299,75;19:59 @ 4312,00;4303,25;14,11;5,00;;4304,00 černá | 4295,50 černá | 4289,75 černá;4304,00 S/R černá;TL převzata ze zakreslené čáry v 450.png;2026-09-25
GUESSED;"19.20.png; 450.png; 547.png";2;20;;2014-12-01;21:13;NQZ4;1;4290,25;4289,25;4;4295,25;20;5,00;4290,25;0;4298,25;32;1;0;95;4295,25;21:17;B;A;B;Ano;;;UP;zakreslená žlutá;hlavní;22,1;0,144;20:43 @ 4285,00;21:49 @ 4294,50;4289,25;14,11;5,00;;4304,00 černá | 4295,50 černá | 4289,75 černá;4289,75 S/R černá;TL převzata ze zakreslené čáry v 450.png;2026-09-25
REAL;20.png;1;20;489;2014-02-25;19:33;NQH4;0;3688,00;3689,50;6;3683,50;18;3,00;3688,75;3;3671,50;66;1;0;85;3683,50;19:41;A;C;A;;3683,50;3679,50;DOWN;zakreslená žlutá;hlavní;16,2;0,077;17:29 @ 3697,50;20:52 @ 3681,75;3688,00;18,72;5,00;3701,50 | 3687,75;3697,00 černá | 3683,50 černá | 3671,00 černá;3687,75 OHLC;deník řádek 492 (obchod 489);2026-09-25
REAL;21.png;1;21;490;2014-02-26;19:45;NQH4;0;3695,50;3697,00;6;3692,00;14;2,33;3695,75;1;3662,50;132;1;0;65;3692,00;19:51;A;B;B;;3674,00;3674,00;DOWN;zakreslená žlutá;hlavní;9,4;0,044;17:30 @ 3702,25;21:45 @ 3691,00;3696,50;15,02;4,00;3697,00 | 3692,00 | 3685,50 | 3668,50;3689,50 černá | 3682,50 černá | 3679,25 černá;3697,00 OHLC;deník řádek 493 (obchod 490);2026-09-25
GUESSED;"21.22.png; 453.png; 548.png";1;21;;2014-12-02;18:26;NQZ4;0;4300,25;4301,00;3;4296,75;14;4,67;4301,00;3;4296,25;16;0;1;-20;4301,00;18:28;B;A;A;Ano;;;DOWN;zakreslená žlutá;hlavní;51,1;0,258;17:59 @ 4306,50;18:39 @ 4296,25;4299,50;19,22;4,00;;4307,00 modrá | 4301,00 modrá;4301,00 S/R modrá;TL převzata ze zakreslené čáry v 453.png;2026-09-25
GUESSED;"21.22.png; 453.png; 548.png";2;22;;2014-12-02;20:14;NQZ4;1;4301,25;4299,50;7;4305,75;18;2,57;4301,00;1;4314,75;54;1;0;85;4305,75;20:28;C;A;A;Ne;;;UP;zakreslená zelená;aktuální;20,3;0,077;19:22 @ 4296,75;21:21 @ 4306,00;4300,75;19,22;4,00;;4307,00 modrá | 4301,00 modrá;4301,00 S/R modrá;"MAE/MFE: okno do konce grafu (21:20); TL převzata ze zakreslené čáry v 453.png";2026-09-25
REAL;22.png;1;22;491;2014-02-27;18:54;NQH4;1;3691,00;3689,00;8;3697,00;24;3,00;3689,50;6;3704,50;54;1;0;115;3697,00;19:25;B;C;A;;3697,00;3693,75;UP;zakreslená zelená;aktuální;21,6;0,103;16:16 @ 3672,25;20:38 @ 3699,25;3688,50;15,39;4,00;3702,50 | 3691,25 | 3681,50;3697,00 černá | 3679,25 černá | 3668,50 černá;3691,25 OHLC;deník řádek 494 (obchod 491);2026-09-25
GUESSED;"23.png; 457.png; 550.png; 9991.png";1;23;;2014-12-03;20:56;NQZ4;1;4311,50;4310,00;6;4314,75;13;2,17;4310,75;3;4320,00;34;1;0;60;4314,75;21:11;B;B;B;Ne;;;UP;zakreslená zelená;aktuální;20,4;0,066;18:53 @ 4302,75;21:37 @ 4313,75;4311,00;22,39;4,00;4314,75 | 4310,00;4306,25 modrá | 4303,00 modrá;4310,00 OHLC;"MAE/MFE: okno do konce grafu (22:03); TL převzata ze zakreslené čáry v 457.png";2026-09-25
GUESSED;"24.png; 478.png; 551.png";1;24;;2014-12-08;17:30;NQZ4;0;4313,50;4315,25;7;4309,50;16;2,29;4314,00;2;4309,50;16;1;0;75;4309,50;17:40;A;A;A;Ano;;;DOWN;zakreslená žlutá;hlavní;23,6;0,117;17:06 @ 4316,00;19:03 @ 4302,25;4313,25;14,88;4,00;4314,50 | 4313,00 | 4302,75;4318,25 modrá | 4307,25 modrá;4314,50 OHLC;TL převzata ze zakreslené čáry v 478.png;2026-09-25
GUESSED;"25.png; 482.png; 552.png";1;25;;2014-12-09;17:47;NQZ4;1;4248,50;4245,50;12;4255,00;26;2,17;4247,75;3;4277,75;117;1;0;125;4255,00;17:59;B;A;A;Ne;;;UP;zakreslená žlutá;hlavní;37,6;0,406;16:32 @ 4218,75;18:57 @ 4277,75;4249,25;7,58;4,00;4259,00;4274,75 modrá | 4262,75 modrá | 4248,25 černá;4248,25 S/R černá;"MAE/MFE: okno do konce grafu (19:05); TL převzata ze zakreslené čáry v 482.png";2026-09-25
GUESSED;"26.png; 487.png; 553.png";1;26;;2014-12-10;17:27;NQZ4;0;4280,00;4283,00;12;4270,25;39;3,25;4280,50;2;4268,50;46;1;0;190;4270,25;17:34;A;C;A;Ano;;;DOWN;zakreslená žlutá;hlavní;23,2;0,204;17:07 @ 4283,50;19:09 @ 4258,75;4279,50;8,40;4,00;4298,50 | 4290,00 | 4282,75;4296,50 modrá | 4282,00 modrá | 4270,25 modrá;4282,00 S/R modrá;TL převzata ze zakreslené čáry v 487.png;2026-09-25
GUESSED;"26.png; 487.png; 553.png";2;;;2014-12-10;19:31;NQZ4;1;4272,50;4270,25;9;4281,75;37;4,11;4258,75;55;4272,50;0;0;1;-50;4270,25;19:32;B;C;B;Ano;;;UP;zakreslená žlutá;hlavní;14,1;0,120;18:31 @ 4263,50;20:21 @ 4276,75;4270,75;8,40;4,00;4298,50 | 4290,00 | 4282,75;4296,50 modrá | 4282,00 modrá | 4270,25 modrá;;"MAE/MFE: okno do konce grafu (19:49); TL převzata ze zakreslené čáry v 487.png";2026-09-25
GUESSED;"29.30.png; 557.png; 559.png";1;29;;2014-12-15;20:26;NQH5;0;4179,50;4184,00;18;4170,50;36;2,00;4180,75;5;4168,00;46;1;0;175;4170,50;20:32;A;B;B;Ne;;;DOWN;zakreslená žlutá;hlavní;10,2;0,101;17:33 @ 4198,75;22:50 @ 4168,25;4181,25;7,09;4,00;4190,00 | 4184,00;4205,25 modrá | 4196,50 černá | 4170,50 černá | 4156,50 černá;;"TL nenalezena (žádná linie u vstupu); TL převzata ze zakreslené čáry v 557.png";2026-09-25
GUESSED;"29.30.png; 557.png; 559.png";2;30;;2014-12-15;21:55;NQH5;0;4165,75;4169,75;16;4156,50;37;2,31;4166,25;2;4151,50;57;1;0;180;4156,50;21:59;B;A;B;Ne;;;DOWN;zakreslená červená;aktuální;17,6;0,179;20:37 @ 4180,75;22:16 @ 4163,00;4166,75;7,09;4,00;4190,00 | 4184,00;4205,25 modrá | 4196,50 černá | 4170,50 černá | 4156,50 černá;;"MAE/MFE: okno do konce grafu (22:33); TL převzata ze zakreslené čáry v 557.png";2026-09-25
REAL;39.png;1;39;494;2014-03-03;20:27;NQH4;1;3662,25;3660,00;9;3668,75;26;2,89;3658,00;17;3674,00;47;0;1;-50;3660,00;20:31;A;A;A;;3660,00;3660,00;UP;zakreslená žlutá;hlavní;25,7;0,167;18:12 @ 3638,50;22:15 @ 3679,25;3661,25;11,47;4,00;3664,50;3680,00 černá | 3652,50 černá;;"deník řádek 497 (obchod 494); rozdíl obrázek vs deník: čas obrázek 20:28 / deník 20:27";2026-09-25
REAL;40.png;1;40;495;2014-03-04;20:30;NQH4;0;3716,25;3717,75;6;3711,75;18;3,00;3717,00;3;3710,25;24;1;0;85;3711,75;20:38;B;A;B;;3717,75;3716,75;DOWN;zakreslená žlutá;hlavní;9,5;0,051;18:20 @ 3723,25;21:51 @ 3712,75;3716,75;16,51;5,00;;3722,25 černá | 3717,75 černá | 3705,75 černá | 3701,50 černá;3717,75 S/R černá;deník řádek 498 (obchod 495);2026-09-25
REAL;40.png;2;;496;2014-03-04;21:38;NQH4;1;3718,50;3717,00;6;3722,25;15;2,50;3717,75;3;3723,25;19;1;0;70;3722,25;21:44;B;B;A;;3717,75;3717,75;UP;zakreslená žlutá;hlavní;21,1;0,117;20:09 @ 3707,75;22:23 @ 3723,25;3718,25;16,51;5,00;;3722,25 černá | 3717,75 černá | 3705,75 černá | 3701,50 černá;3717,75 S/R černá;deník řádek 499 (obchod 496);2026-09-25
REAL;41.png;1;41;497;2014-03-05;18:53;NQH4;1;3727,50;3726,25;5;3730,50;12;2,40;3726,75;3;3732,50;20;1;0;55;3730,50;19:06;B;A;A;;3726,25;3729,25;UP;zakreslená žlutá;hlavní;29,7;0,147;18:14 @ 3722,00;20:13 @ 3739,50;3727,75;19,39;5,00;3723,50 | 3718,75;3728,50 černá | 3722,25 černá | 3714,00 černá;3728,50 S/R černá;deník řádek 500 (obchod 497);2026-09-25
REAL;41.png;2;;498;2014-03-05;20:41;NQH4;0;3727,00;3728,50;6;3723,50;14;2,33;3727,25;1;3721,50;22;1;0;65;3723,50;20:45;B;A;B;;3723,50;3725,75;DOWN;zakreslená žlutá;hlavní;11,7;0,053;19:16 @ 3732,50;21:53 @ 3724,25;3728,00;19,39;5,00;3723,50 | 3718,75;3728,50 černá | 3722,25 černá | 3714,00 černá;3728,50 S/R černá;deník řádek 501 (obchod 498);2026-09-25
REAL;45.png;1;45;501;2014-03-07;17:54;NQH4;1;3697,00;3695,50;6;3702,00;20;3,33;3696,25;3;3703,50;26;1;0;95;3702,00;17:59;B;A;A;;3698,75;3696,50;UP;zakreslená žlutá;hlavní;56,6;0,250;17:15 @ 3688,25;18:38 @ 3709,25;3698,00;24,27;4,00;;3702,25 černá | 3698,75 černá | 3694,75 černá | 3691,25 černá | 3688,00 černá;3698,75 S/R černá;deník řádek 504 (obchod 501);2026-09-25
REAL;45.png;2;;502;2014-03-07;19:35;NQH4;0;3694,75;3696,50;7;3691,25;14;2,00;3694,75;0;3687,00;31;1;0;65;3691,25;19:37;C;C;A;;3691,25;3696,50;DOWN;zakreslená červená;aktuální;32,2;0,104;18:30 @ 3702,00;21:09 @ 3685,50;3695,25;24,27;4,00;;3702,25 černá | 3698,75 černá | 3694,75 černá | 3691,25 černá | 3688,00 černá;3694,75 S/R černá;deník řádek 505 (obchod 502);2026-09-25
REAL;47.png;1;47;503;2014-03-10;19:43;NQH4;1;3698,00;3696,75;5;3702,50;18;3,60;3697,50;2;3703,75;23;1;0;85;3702,50;19:50;B;C;A;;3698,75;3697,50;UP;zakreslená žlutá;hlavní;41,5;0,108;19:06 @ 3693,50;21:15 @ 3707,50;3697,50;32,76;4,00;3704,25;3709,25 černá | 3702,50 černá | 3698,75 černá | 3694,75 černá | 3691,25 černá;3698,75 S/R černá;deník řádek 506 (obchod 503);2026-09-25
REAL;49.png;1;49;504;2014-03-11;18:14;NQH4;0;3707,25;3708,25;4;3704,25;12;3,00;3707,25;0;3697,75;38;1;0;55;3704,25;18:22;B;B;A;;3700,75;3706,50;DOWN;zakreslená červená;aktuální;42,3;0,144;17:03 @ 3716,75;19:39 @ 3694,25;3706,50;25,23;4,00;3712,00 | 3706,75 | 3700,75;3709,25 černá | 3704,25 černá | 3698,75 černá | 3694,75 černá;3706,75 OHLC;deník řádek 507 (obchod 504);2026-09-25
REAL;51.png;1;51;505;2014-03-13;18:15;NQM4;0;3652,00;3655,50;14;3642,00;40;2,86;3657,75;23;3648,00;16;0;1;-75;3655,50;18:29;C;A;B;;3655,50;3654,00;DOWN;zakreslená červená;aktuální;37,9;0,371;17:04 @ 3682,00;19:11 @ 3635,00;3655,75;10,50;5,00;3687,50;3671,00 černá | 3654,75 černá | 3644,25 černá | 3638,25 černá;3654,75 S/R černá;deník řádek 508 (obchod 505);2026-09-25
REAL;51.png;2;;506;2014-03-13;18:46;NQM4;0;3655,00;3657,75;11;3646,50;34;3,09;3656,50;6;3629,50;102;1;0;165;3646,50;18:55;B;A;A;;3644,25;3647,75;DOWN;zakreslená žlutá;hlavní;27,8;0,252;16:18 @ 3694,75;20:15 @ 3635,00;3657,50;10,50;5,00;3687,50;3671,00 černá | 3654,75 černá | 3644,25 černá | 3638,25 černá;3654,75 S/R černá;deník řádek 509 (obchod 506);2026-09-25
REAL;53.png;1;53;507;2014-03-14;18:00;NQM4;0;3642,75;3644,75;8;3638,25;18;2,25;3642,75;0;3620,00;91;1;0;85;3638,25;18:04;B;B;A;;3627,25;3629,50;DOWN;zakreslená žlutá;hlavní;22,4;0,092;16:55 @ 3649,50;20:27 @ 3630,00;3643,50;22,36;5,00;3649,75 | 3629,50;3644,25 černá | 3638,25 černá | 3633,25 černá;3644,25 S/R černá;deník řádek 510 (obchod 507);2026-09-25
REAL;53.png;2;;508;2014-03-14;19:21;NQM4;0;3633,00;3634,00;4;3629,50;14;3,50;3633,75;3;3620,00;52;1;0;65;3629,50;19:35;C;B;A;;3627,25;3629,50;DOWN;zakreslená červená;aktuální;22,5;0,093;18:14 @ 3640,50;20:27 @ 3628,25;3634,25;22,36;5,00;3649,75 | 3629,50;3644,25 černá | 3638,25 černá | 3633,25 černá;3633,25 S/R černá;deník řádek 511 (obchod 508);2026-09-25
REAL;66.png;1;66;511;2014-03-20;18:24;NQM4;0;3693,25;3694,25;4;3691,25;8;2,00;3693,50;1;3688,50;19;1;0;35;3691,25;18:27;A;A;A;Ano;3694,25;3692,00;DOWN;zakreslená žlutá;hlavní;39,3;0,169;18:02 @ 3698,00;19:44 @ 3680,75;3694,25;24,25;5,00;3704,75 | 3693,50;3687,50 černá | 3682,25 černá;3693,50 OHLC;deník řádek 514 (obchod 511);2026-09-25
REAL;66.png;2;;512;2014-03-20;20:39;NQM4;0;3683,75;3684,75;4;3680,25;14;3,50;3685,25;6;3679,25;18;0;1;-25;3684,75;20:45;B;A;A;Ano;3684,75;3684,75;DOWN;zakreslená žlutá;hlavní;42,9;0,192;19:39 @ 3694,50;21:02 @ 3678,50;3683,00;24,25;5,00;3704,75 | 3693,50;3687,50 černá | 3682,25 černá;3682,25 S/R černá;deník řádek 515 (obchod 512);2026-09-25
REAL;97.png;1;97;514;2014-03-25;18:37;NQM4;1;3619,75;3617,50;9;3626,50;27;3,00;3618,00;7;3627,75;32;1;0;130;3626,50;19:10;B;A;B;Ne;3617,50;3618,25;UP;zakreslená žlutá;hlavní;47,6;0,367;17:31 @ 3593,25;19:30 @ 3637,00;3617,50;14,94;5,00;3612,75;3633,75 černá | 3621,00 černá | 3607,75 černá | 3595,50 černá;;deník řádek 517 (obchod 514);2026-09-25
REAL;99.png;1;99;515;2014-03-26;17:42;NQM4;0;3619,50;3622,25;11;3613,00;26;2,36;3620,75;5;3584,25;141;1;0;125;3613,00;18:12;B;B;A;Ne;3595,50;3574,00;DOWN;zakreslená žlutá;hlavní;20,6;0,133;14:33 @ 3647,25;19:34 @ 3607,25;3622,25;11,33;4,00;3652,00 | 3626,75 | 3613,00;3640,00 černá | 3633,75 černá | 3621,00 černá | 3607,75 černá | 3595,50 černá;3621,00 S/R černá;deník řádek 518 (obchod 515);2026-09-25
REAL;104.png;1;104;518;2014-03-31;18:17;NQM4;1;3600,75;3599,75;4;3604,25;14;3,50;3600,25;2;3605,00;17;1;0;65;3604,25;18:21;A;A;A;Ano;3599,75;3600,00;UP;zakreslená žlutá;hlavní;49,6;0,290;17:36 @ 3590,50;19:04 @ 3616,00;3602,50;20,21;5,00;3600,75;3590,75 černá | 3584,75 černá;3600,75 OHLC;deník řádek 521 (obchod 518);2026-09-25
REAL;104.png;2;;519;2014-03-31;19:11;NQM4;0;3600,75;3602,00;5;3597,75;12;2,40;3601,00;1;3586,25;58;1;0;55;3597,75;19:16;A;A;A;Ne;3580,00;3593,50;DOWN;zakreslená žlutá;hlavní;25,1;0,116;18:36 @ 3604,75;20:39 @ 3590,50;3600,75;20,21;5,00;3600,75;3590,75 černá | 3584,75 černá;3600,75 OHLC;deník řádek 522 (obchod 519);2026-09-25
REAL;106.png;1;106;520;2014-04-01;19:58;NQM4;1;3633,75;3632,25;6;3637,50;15;2,50;3633,25;2;3652,50;75;1;0;70;3637,50;20:05;B;C;B;Ano;3650,50;3637,25;UP;zakreslená žlutá;hlavní;43,0;0,213;19:24 @ 3625,25;21:23 @ 3650,50;3632,50;17,55;4,00;;3637,50 černá | 3632,75 černá | 3628,75 černá;3632,75 S/R černá;deník řádek 523 (obchod 520);2026-09-25
REAL;108.png;1;108;521;2014-04-02;18:23;NQM4;0;3655,50;3656,50;4;3652,50;12;3,00;3656,75;5;3654,00;6;0;1;-25;3656,50;18:25;B;C;A;Ne;3656,50;3656,50;DOWN;zakreslená žlutá;hlavní;23,6;0,070;17:12 @ 3661,00;22:06 @ 3640,50;3656,00;25,13;4,00;3652,50 | 3651,75;3661,25 černá | 3658,50 černá | 3655,00 černá | 3647,75 černá | 3641,75 černá;3655,00 S/R černá;deník řádek 524 (obchod 521);2026-09-25
REAL;108.png;2;;522;2014-04-02;21:47;NQM4;1;3658,50;3657,75;3;3661,25;11;3,67;3658,50;0;3661,75;13;1;0;50;3661,25;21:48;B;B;A;Ano;3659,50;3658,75;UP;zakreslená žlutá;hlavní;56,9;0,244;20:52 @ 3644,50;22:15 @ 3664,75;3658,00;25,13;4,00;3652,50 | 3651,75;3661,25 černá | 3658,50 černá | 3655,00 černá | 3647,75 černá | 3641,75 černá;3658,50 S/R černá;deník řádek 525 (obchod 522);2026-09-25
REAL;113.png;1;113;524;2014-04-07;18:56;NQM4;0;3502,50;3504,50;8;3494,00;34;4,25;3503,50;4;3475,75;107;1;0;165;3494,00;19:07;B;A;A;Ne;3490,50;3491,75;DOWN;zakreslená žlutá;hlavní;26,1;0,238;16:14 @ 3541,50;20:52 @ 3475,25;3503,00;8,25;4,00;3542,00 | 3522,50 | 3522,25;3547,50 černá | 3536,00 černá | 3530,75 černá | 3514,50 černá | 3514,25 černá | 3508,00 černá | 3501,75 černá | 3490,50 černá;3501,75 S/R černá;deník řádek 527 (obchod 524);2026-09-25
REAL;135.png;1;135;527;2014-04-11;19:47;NQM4;0;3468,75;3471,00;9;3463,00;23;2,56;3469,00;1;3431,75;148;1;0;110;3463,00;19:50;B;B;B;Ne;3452,00;3442,00;DOWN;zakreslená žlutá;hlavní;15,1;0,106;17:57 @ 3482,50;22:03 @ 3456,50;3471,00;10,17;4,00;;3500,00 černá | 3492,00 černá | 3485,50 černá | 3477,00 černá | 3476,75 černá | 3470,00 černá | 3463,00 černá | 3452,00 černá;3470,00 S/R černá;deník řádek 530 (obchod 527);2026-09-25
REAL;137.png;1;137;528;2014-04-14;20:15;NQM4;0;3461,25;3464,00;11;3454,75;26;2,36;3462,50;5;3434,50;107;1;0;125;3454,75;20:20;C;A;A;Ano;3442,75;3453,00;DOWN;zakreslená červená;aktuální;30,5;0,200;18:56 @ 3480,25;22:20 @ 3439,50;3464,50;11,77;4,00;3493,75 | 3485,25 | 3442,75;3492,00 černá | 3476,75 černá | 3470,00 černá | 3463,25 černá | 3452,00 černá;3463,25 S/R černá;deník řádek 531 (obchod 528);2026-09-25
REAL;141.png;1;141;531;2014-04-16;18:32;NQM4;1;3512,75;3510,25;10;3518,50;23;2,30;3494,50;73;3518,75;24;0;1;-55;3510,25;18:33;B;A;A;Ano;3510,25;3510,25;UP;zakreslená žlutá;hlavní;51,0;0,355;17:23 @ 3487,25;19:22 @ 3529,50;3511,75;13,92;4,00;3500,75 | 3499,50;3518,50 černá | 3513,00 černá | 3507,00 černá | 3493,75 černá | 3492,00 černá;3513,00 S/R černá;deník řádek 534 (obchod 531);2026-09-25
REAL;141.png;2;;532;2014-04-16;20:10;NQM4;0;3504,75;3506,75;8;3500,75;16;2,00;3505,50;3;3495,00;39;1;0;75;3500,75;20:15;B;B;B;Ne;3500,75;3504,00;DOWN;zakreslená žlutá;hlavní;11,7;0,059;18:52 @ 3509,75;21:44 @ 3499,50;3505,00;13,92;4,00;3500,75 | 3499,50;3518,50 černá | 3513,00 černá | 3507,00 černá | 3493,75 černá | 3492,00 černá;3507,00 S/R černá;deník řádek 535 (obchod 532);2026-09-25
REAL;143.png;1;143;533;2014-04-17;18:09;NQM4;0;3524,50;3526,75;9;3518,50;24;2,67;3524,75;1;3516,50;32;1;0;115;3518,50;18:20;A;B;A;Ne;3524,50;3526,50;DOWN;zakreslená žlutá;hlavní;14,3;0,075;16:31 @ 3532,75;20:48 @ 3513,50;3525,50;13,70;4,00;3524,50 | 3507,25;3529,75 černá | 3518,50 černá | 3513,00 černá | 3499,50 černá;3524,50 OHLC;deník řádek 536 (obchod 533);2026-09-25
REAL;147.png;1;147;535;2014-04-23;19:27;NQM4;0;3558,00;3559,50;6;3553,75;17;2,83;3558,50;2;3546,50;46;1;0;80;3553,75;19:37;B;B;A;Ne;3553,75;3556,25;DOWN;zakreslená žlutá;hlavní;10,7;0,033;16:46 @ 3564,75;21:54 @ 3554,50;3559,50;17,10;3,00;3553,75;3571,25 černá | 3559,25 černá | 3548,75 černá;3559,25 S/R černá;deník řádek 538 (obchod 535);2026-09-25
REAL;149.png;1;149;536;2014-04-24;17:36;NQM4;1;3585,00;3584,00;4;3588,50;14;3,50;3580,75;17;3589,75;19;0;1;-25;3584,00;17:43;A;B;A;Ne;3584,00;3584,00;UP;zakreslená žlutá;hlavní;67,2;0,440;16:45 @ 3559,50;18:17 @ 3600,00;3582,00;16,21;3,00;3599,50 | 3598,25 | 3584,25;3594,75 černá | 3591,75 černá | 3588,50 černá | 3580,75 černá | 3573,75 černá | 3569,50 černá;3580,75 S/R černá;deník řádek 539 (obchod 536);2026-09-25
REAL;149.png;2;;537;2014-04-24;21:36;NQM4;1;3581,25;3579,75;6;3584,25;12;2,00;3580,25;4;3597,25;64;1;0;55;3584,25;21:40;B;B;B;Ne;3585,00;3585,00;UP;zakreslená žlutá;hlavní;27,6;0,097;20:14 @ 3572,00;22:21 @ 3584,25;3580,00;16,21;3,00;3599,50 | 3598,25 | 3584,25;3594,75 černá | 3591,75 černá | 3588,50 černá | 3580,75 černá | 3573,75 černá | 3569,50 černá;3580,75 S/R černá;deník řádek 540 (obchod 537);2026-09-25
REAL;151.png;1;151;538;2014-04-25;19:16;NQM4;0;3530,75;3531,75;4;3527,75;12;3,00;3534,00;13;3516,50;57;0;1;-25;3531,75;19:25;B;B;B;Ano;3531,75;3531,75;DOWN;zakreslená žlutá;hlavní;44,9;0,167;18:12 @ 3542,00;20:55 @ 3514,75;3531,25;17,85;3,00;3544,00;3537,50 černá | 3531,75 černá | 3527,75 černá | 3523,25 černá | 3518,50 černá;3531,75 S/R černá;deník řádek 541 (obchod 538);2026-09-25
REAL;"151.png; 255.png";2;;539;2014-04-25;21:59;NQM4;1;3524,50;3523,25;5;3527,75;13;2,60;3524,00;2;3531,50;28;1;0;60;3527,75;22:15;B;B;B;Ne;3529,00;3529,00;UP;zakreslená žlutá;hlavní;27,1;0,086;20:32 @ 3517,00;22:49 @ 3528,75;3524,50;17,85;3,00;3544,00;3537,50 černá | 3531,75 černá | 3527,75 černá | 3523,25 černá | 3518,50 černá;3523,25 S/R černá;"deník řádek 542 (obchod 539); RRR 2.6 vs PT/SL 29/11=2.64; P/L +60 USD vs vypočteno +140 USD; rozdíl obrázek vs deník: SL obrázek 3521,75 / deník 3523,25, PT obrázek 3531,75 / deník 3527,75";2026-09-25
REAL;153.png;1;153;540;2014-04-29;17:53;NQM4;1;3552,75;3550,50;9;3559,75;28;3,11;3552,75;0;3571,50;75;1;0;135;3559,75;18:08;B;A;B;Ne;3560,75;3568,00;UP;zakreslená žlutá;hlavní;33,6;0,240;16:31 @ 3530,75;19:40 @ 3576,25;3550,50;11,07;4,00;3562,50 | 3542,50 | 3536,00;3551,00 černá | 3545,75 černá | 3531,50 černá;3551,00 S/R černá;deník řádek 543 (obchod 540);2026-09-25
REAL;155.png;1;155;541;2014-04-30;18:32;NQM4;1;3562,25;3561,25;4;3566,00;15;3,75;3561,75;2;3570,25;32;1;0;70;3566,00;18:48;B;B;B;Ne;3561,25;3563,50;UP;zakreslená žlutá;hlavní;21,5;0,046;16:23 @ 3555,50;22:13 @ 3571,50;3561,50;25,92;3,00;3571,25 | 3557,75;3566,00 černá | 3562,50 černá;3562,50 S/R černá;deník řádek 544 (obchod 541);2026-09-25
REAL;158.png;1;158;542;2014-05-02;18:22;NQM4;1;3587,50;3586,25;5;3591,50;16;3,20;3586,25;5;3592,75;21;0;1;-30;3586,25;18:25;B;B;B;Ne;3586,25;3586,25;UP;zakreslená žlutá;hlavní;35,6;0,171;16:50 @ 3570,50;19:33 @ 3598,25;3586,25;16,77;4,00;3605,50 | 3591,50 | 3577,00 | 3570,50;3597,50 černá | 3586,75 černá | 3583,00 černá;3586,75 S/R černá;deník řádek 545 (obchod 542);2026-09-25
REAL;160.png;1;160;543;2014-05-06;18:59;NQM4;0;3579,50;3580,75;5;3575,75;15;3,00;3580,50;4;3552,00;110;1;0;70;3575,75;19:08;B;C;A;Ne;3561,25;3559,50;DOWN;zakreslená žlutá;hlavní;11,7;0,052;18:01 @ 3583,00;21:06 @ 3573,50;3580,00;15,96;4,00;3598,00 | 3596,50 | 3583,25;3600,75 černá | 3592,75 černá | 3588,25 černá | 3580,00 černá | 3575,75 černá | 3571,25 černá | 3561,50 černá;3580,00 S/R černá;deník řádek 546 (obchod 543);2026-09-25
REAL;178.png;1;178;544;2014-05-07;20:40;NQM4;1;3524,00;3522,50;6;3527,75;15;2,50;3524,00;0;3528,25;17;1;0;70;3527,75;20:43;B;A;B;Ano;3522,25;3523,75;UP;zakreslená žlutá;hlavní;47,2;0,393;20:02 @ 3507,25;21:34 @ 3543,50;3522,25;13,71;5,00;3550,50 | 3546,75;3543,00 černá | 3523,25 černá | 3519,50 černá | 3512,75 černá;3523,25 S/R černá;deník řádek 547 (obchod 544);2026-09-25
REAL;182.png;1;182;547;2014-05-13;20:52;NQM4;1;3613,50;3612,75;3;3615,25;7;2,33;3613,25;1;3615,50;8;1;0;30;3615,25;20:57;A;A;B;Ne;3612,75;3613,25;UP;zakreslená žlutá;hlavní;34,9;0,094;19:43 @ 3606,25;21:32 @ 3616,50;3612,75;29,76;4,00;3613,50 | 3612,00;3616,50 černá | 3609,75 černá | 3604,25 černá;3612,00 OHLC;deník řádek 550 (obchod 547);2026-09-25
REAL;242.png;1;242;550;2014-05-20;17:30;NQM4;1;3613,00;3611,25;7;3616,50;14;2,00;3613,00;0;3623,75;43;1;0;65;3616,50;17:37;A;A;B;Ne;3611,25;3614,00;UP;zakreslená žlutá;hlavní;29,8;0,152;16:00 @ 3599,25;18:46 @ 3624,50;3613,00;15,07;4,00;3617,50 | 3611,25 | 3586,75;3605,25 černá | 3601,75 černá | 3592,25 černá;3611,25 OHLC;deník řádek 553 (obchod 550);2026-09-25
REAL;246.png;1;246;551;2014-05-21;19:08;NQM4;1;3624,00;3623,25;3;3627,50;14;4,67;3621,50;10;3625,00;4;0;1;-20;3623,25;19:10;A;C;B;Ano;3623,25;3623,25;UP;zakreslená žlutá;hlavní;36,4;0,179;18:03 @ 3611,75;19:50 @ 3630,75;3623,25;20,67;5,00;3623,75 | 3611,25;3627,50 černá | 3617,50 černá;3623,75 OHLC;deník řádek 554 (obchod 551);2026-09-25
REAL;246.png;2;;552;2014-05-21;20:45;NQM4;1;3627,75;3627,00;3;3630,50;11;3,67;3627,50;1;3635,75;32;1;0;50;3630,50;20:47;B;A;A;Ano;3634,75;3634,75;UP;zakreslená žlutá;hlavní;50,8;0,296;20:14 @ 3619,50;21:19 @ 3638,75;3628,75;20,67;5,00;3623,75 | 3611,25;3627,50 černá | 3617,50 černá;3627,50 S/R černá;deník řádek 555 (obchod 552);2026-09-25
REAL;250.png;1;250;553;2014-05-23;19:19;NQM4;1;3665,25;3664,50;3;3667,00;7;2,33;3665,00;1;3677,00;47;1;0;30;3667,00;19:32;C;A;B;Ne;3675,00;3675,00;UP;zakreslená zelená;aktuální;12,5;0,027;17:36 @ 3661,75;20:49 @ 3667,00;3664,50;32,54;4,00;;3673,75 černá | 3665,50 černá | 3665,00 černá | 3662,50 černá | 3659,75 černá;3665,00 S/R černá;deník řádek 556 (obchod 553);2026-09-25
GUESSED;251.png;1;251;;2014-04-08;22:00;NQM4;1;3531,00;3530,25;3;3533,25;9;3,00;3530,25;3;3532,00;4;0;1;-20;3530,25;22:04;;;;;;;UP;odhad (TL nezakreslena);;39,8;0,131;21:11 @ 3522,75;21:53 @ 3528,25;3529,25;31,81;5,00;;;;;2026-09-25
GUESSED;252.png;1;252;;2014-04-15;22:00;NQM4;1;3478,00;3475,00;12;3484,75;27;2,25;3476,25;7;3501,25;93;1;0;130;3484,75;22:02;;;;;;;UP;odhad (TL nezakreslena);;22,5;0,343;19:55 @ 3433,25;20:22 @ 3442,50;3476,00;6,03;5,00;;;;MAE/MFE: okno do konce grafu (22:56);2026-09-25
GUESSED;253.png;1;253;;2014-04-22;22:00;NQM4;1;3579,00;3577,25;7;3583,25;17;2,43;3579,00;0;3588,50;38;1;0;80;3583,25;22:05;;;;;;;;;;;;;;;21,25;5,00;;;;"infobox IN 3579,00 nesedí s close vstupní svíčky 3580,50; infobox OUT 3483,25 -> opraveno na 3583,25 (dle grafu); MAE/MFE: okno do konce grafu (22:56); TL nenalezena (žádná linie u vstupu)";2026-09-25
REAL;180.png;1;180;545;2014-05-08;21:22;NQM4;0;3533,50;3535,25;7;3525,50;32;4,57;3538,50;20;3528,75;19;0;1;-40;3535,25;21:28;B;A;B;Ne;3535,25;3535,25;DOWN;zakreslená žlutá;hlavní;38,9;0,259;19:54 @ 3558,25;22:05 @ 3524,25;3535,50;12,50;4,00;3551,00 | 3539,50;3554,00 černá | 3546,75 černá | 3543,00 černá | 3532,00 černá | 3523,25 černá | 3519,50 černá | 3512,75 černá;;"deník řádek 548 (obchod 545); graf přes půlnoc – datum obchodu 2014-05-08 (hlavička 2014-05-09)";2026-09-25
REAL;180.png;2;;546;2014-05-08;21:57;NQM4;1;3532,50;3530,75;7;3536,50;16;2,29;3531,75;3;3538,25;23;1;0;75;3536,50;21:59;B;A;B;Ne;3538,00;3538,00;UP;zakreslená žlutá;hlavní;26,6;0,161;21:10 @ 3523,25;22:54 @ 3540,00;3531,00;12,50;4,00;3551,00 | 3539,50;3554,00 černá | 3546,75 černá | 3543,00 černá | 3532,00 černá | 3523,25 černá | 3519,50 černá | 3512,75 černá;3532,00 S/R černá;"deník řádek 549 (obchod 546); graf přes půlnoc – datum obchodu 2014-05-08 (hlavička 2014-05-09)";2026-09-25
REAL;7.png;1;7;473;2014-02-04;17:47;NQH4;1;3465,50;3461,75;15;3473,00;30;2,00;3464,00;6;3473,75;33;1;0;145;3473,00;19:06;C;C;A;;3465,00;3465,00;UP;zakreslená zelená;aktuální;35,3;0,275;17:21 @ 3456,00;18:57 @ 3482,50;3463,00;12,87;5,00;3436,75;3478,25 černá | 3473,00 černá | 3465,25 černá | 3452,00 černá | 3440,25 černá;3465,25 S/R černá;deník řádek 476 (obchod 473);2026-09-25
REAL;19.png;1;19;487;2014-02-24;18:34;NQH4;1;3697,50;3696,25;5;3700,25;11;2,20;3694,50;12;3701,25;15;0;1;-30;3696,25;18:40;B;A;A;;3696,25;3696,75;UP;zakreslená žlutá;hlavní;27,2;0,076;17:11 @ 3691,50;19:59 @ 3704,25;3697,75;26,88;3,97;3686,75;3697,25 černá | 3692,75 černá;3697,25 S/R černá;"deník řádek 490 (obchod 487); RRR v infoboxu chybí – PT z červené čáry v grafu";2026-09-25
REAL;19.png;2;;488;2014-02-24;21:38;NQH4;0;3692,25;3694,50;9;3687,50;19;2,11;3694,25;8;3683,25;36;1;0;90;3687,50;21:59;B;A;A;;3686,75;3686,75;DOWN;zakreslená žlutá;hlavní;53,8;0,201;20:54 @ 3701,00;22:16 @ 3684,50;3692,00;26,88;3,97;3686,75;3697,25 černá | 3692,75 černá;3692,75 S/R černá;deník řádek 491 (obchod 488);2026-09-25
REAL;43.png;1;43;499;2014-03-06;20:31;NQH4;1;3718,75;3717,75;4;3722,00;13;3,25;3718,25;2;3724,00;21;1;0;60;3722,00;20:40;A;A;A;;3722,25;3720,00;UP;zakreslená žlutá;hlavní;55,5;0,312;20:01 @ 3709,75;21:17 @ 3733,50;3719,00;23,32;5,00;3732,50 | 3718,50 | 3712,50;3735,00 černá | 3728,50 černá | 3723,50 černá | 3722,25 černá | 3714,00 černá;3718,50 OHLC;deník řádek 502 (obchod 499);2026-09-25
REAL;43.png;2;;500;2014-03-06;21:31;NQH4;0;3722,25;3723,25;4;3719,00;13;3,25;3725,75;14;3716,00;25;0;1;-25;3723,25;21:33;A;A;A;;3723,25;3723,25;DOWN;zakreslená žlutá;hlavní;10,9;0,041;20:41 @ 3724,00;22:21 @ 3720,00;3722,00;23,32;5,00;3732,50 | 3718,50 | 3712,50;3735,00 černá | 3728,50 černá | 3723,50 černá | 3722,25 černá | 3714,00 černá;3722,25 S/R černá;deník řádek 503 (obchod 500);2026-09-25
REAL;64.png;1;64;509;2014-03-17;19:06;NQM4;0;3667,00;3667,75;3;3664,50;10;3,33;3667,00;0;3660,75;25;1;0;45;3664,50;19:10;B;B;A;Ne;3664,50;3667,25;DOWN;zakreslená žlutá;hlavní;9,5;0,029;17:31 @ 3669,50;21:52 @ 3662,25;3666,75;23,00;4,00;3654,75 | 3649,25;3667,00 černá | 3664,50 černá | 3660,75 černá | 3658,00 černá;3667,00 S/R černá;deník řádek 512 (obchod 509);2026-09-25
REAL;64.png;2;;510;2014-03-17;20:07;NQM4;0;3664,25;3665,50;5;3661,50;11;2,20;3665,50;5;3649,50;59;0;1;-30;3665,50;20:09;B;A;A;Ne;3665,50;3665,50;DOWN;zakreslená žlutá;hlavní;9,5;0,029;17:31 @ 3669,50;21:52 @ 3662,25;3665,00;23,00;4,00;3654,75 | 3649,25;3667,00 černá | 3664,50 černá | 3660,75 černá | 3658,00 černá;3664,50 S/R černá;deník řádek 513 (obchod 510);2026-09-25
REAL;68.png;1;68;513;2014-03-21;19:09;NQM4;0;3659,25;3660,75;6;3653,00;25;4,17;3659,25;0;3633,75;102;1;0;120;3653,00;19:14;A;A;A;Ano;3641,00;3641,00;DOWN;zakreslená žlutá;hlavní;22,2;0,189;17:21 @ 3679,50;20:56 @ 3639,00;3659,25;10,78;5,00;3689,50 | 3673,50 | 3656,25;3693,50 černá | 3682,25 černá | 3677,75 černá | 3667,25 černá | 3650,75 černá;3656,25 OHLC;deník řádek 516 (obchod 513);2026-09-25
REAL;101.png;1;101;516;2014-03-27;18:11;NQM4;1;3564,00;3562,75;5;3568,50;18;3,60;3559,00;20;3566,25;9;0;1;-30;3562,75;18:14;B;A;B;Ne;3562,75;3562,75;UP;zakreslená žlutá;hlavní;57,5;0,349;17:10 @ 3541,50;18:54 @ 3577,50;3562,50;17,98;4,00;3573,00 | 3570,50;3564,25 černá | 3558,50 černá | 3547,25 černá | 3541,75 černá;3564,25 S/R černá;deník řádek 519 (obchod 516);2026-09-25
REAL;101.png;2;;517;2014-03-27;20:48;NQM4;1;3553,75;3553,00;3;3558,50;19;6,33;3553,75;0;3559,25;22;1;0;90;3558,50;20:51;B;B;A;Ne;3553,75;3553,75;UP;zakreslená žlutá;hlavní;48,6;0,252;20:10 @ 3545,00;22:10 @ 3571,50;3554,50;17,98;4,00;3573,00 | 3570,50;3564,25 černá | 3558,50 černá | 3547,25 černá | 3541,75 černá;;deník řádek 520 (obchod 517);2026-09-25
REAL;110.png;1;110;523;2014-04-03;20:24;NQM4;0;3627,00;3627,75;3;3624,75;9;3,00;3627,50;2;3609,00;72;1;0;40;3624,75;20:25;B;B;B;Ano;3622,25;3621,50;DOWN;zakreslená žlutá;hlavní;49,7;0,213;19:47 @ 3634,50;21:25 @ 3613,50;3626,75;27,66;5,00;;3630,75 černá | 3627,75 černá | 3624,75 černá | 3622,25 černá;3627,75 S/R černá;deník řádek 526 (obchod 523);2026-09-25
REAL;115.png;1;115;525;2014-04-08;20:28;NQM4;0;3526,00;3527,00;4;3522,25;15;3,75;3526,25;1;3517,75;33;1;0;70;3522,25;20:29;B;B;A;Ne;3526,25;3527,00;DOWN;zakreslená žlutá;hlavní;26,6;0,119;19:28 @ 3534,25;21:47 @ 3517,75;3527,25;21,00;5,00;3542,75 | 3539,50;3536,00 černá | 3530,75 černá | 3526,25 černá | 3522,25 černá | 3514,25 černá;3526,25 S/R černá;deník řádek 528 (obchod 525);2026-09-25
REAL;115.png;2;;526;2014-04-08;21:50;NQM4;1;3530,75;3529,75;4;3536,00;21;5,25;3528,25;10;3533,25;10;0;1;-25;3529,75;21:51;B;A;B;Ne;3529,75;3529,75;UP;zakreslená žlutá;hlavní;37,7;0,184;20:44 @ 3517,75;22:45 @ 3537,25;3530,00;21,00;5,00;3542,75 | 3539,50;3536,00 černá | 3530,75 černá | 3526,25 černá | 3522,25 černá | 3514,25 černá;3530,75 S/R černá;deník řádek 529 (obchod 526);2026-09-25
REAL;139.png;1;139;529;2014-04-15;19:18;NQM4;0;3423,50;3425,25;7;3416,75;27;3,86;3424,25;3;3413,75;39;1;0;130;3416,75;19:23;A;B;B;Ne;3425,25;3425,25;DOWN;zakreslená žlutá;hlavní;25,6;0,241;17:21 @ 3452,00;20:13 @ 3410,50;3424,00;7,96;4,00;3485,00 | 3471,50 | 3435,75 | 3425,25;3492,00 černá | 3476,75 černá | 3470,00 černá | 3463,25 černá | 3452,00 černá | 3442,75 černá | 3437,75 černá | 3431,50 černá | 3416,75 černá;3425,25 OHLC;deník řádek 532 (obchod 529);2026-09-25
REAL;139.png;2;;530;2014-04-15;21:05;NQM4;1;3465,25;3463,25;8;3470,00;19;2,38;3460,75;18;3485,75;82;0;1;-45;3463,25;21:07;B;B;B;Ano;3463,25;3463,25;UP;zakreslená žlutá;hlavní;44,2;0,489;19:12 @ 3410,50;22:01 @ 3492,75;3465,75;7,96;4,00;3485,00 | 3471,50 | 3435,75 | 3425,25;3492,00 černá | 3476,75 černá | 3470,00 černá | 3463,25 černá | 3452,00 černá | 3442,75 černá | 3437,75 černá | 3431,50 černá | 3416,75 černá;3463,25 S/R černá;deník řádek 533 (obchod 530);2026-09-25
REAL;145.png;1;145;534;2014-04-22;20:29;NQM4;1;3584,50;3583,50;4;3587,25;11;2,75;3584,50;0;3588,50;16;1;0;50;3587,25;20:35;C;C;A;Ne;3584,75;3584,25;UP;zakreslená zelená;aktuální;15,5;0,039;17:13 @ 3577,00;21:35 @ 3587,25;3584,50;21,50;3,00;;3587,25 černá | 3584,75 černá | 3580,75 černá | 3576,50 černá;3584,75 S/R černá;deník řádek 537 (obchod 534);2026-09-25
GUESSED;254.png;1;254;;2014-04-23;22:01;NQM4;1;3548,00;3545,75;9;3553,00;20;2,22;3547,50;2;3557,75;39;1;0;95;3553,00;22:05;;;;;;;;;;;;;;;19,72;5,00;;;;"MAE/MFE: okno do konce grafu (22:12); TL nenalezena (žádná linie u vstupu)";2026-09-25
GUESSED;256.png;1;256;;2014-05-05;22:00;NQM4;0;3596,75;3598,25;6;3593,00;15;2,50;3597,25;2;3589,50;29;1;0;70;3593,00;22:11;;;;;;;DOWN;odhad (TL nezakreslena);;3,4;0,017;20:50 @ 3597,75;21:35 @ 3597,00;3596,50;18,00;5,00;;;;MAE/MFE: okno do konce grafu (23:10);2026-09-25
REAL;261.png;1;261;554;2014-05-28;20:21;NQM4;0;3722,50;3723,25;3;3720,50;8;2,67;3722,50;0;3715,00;30;1;0;35;3720,50;20:28;A;A;A;Ano;3719,50;3719,50;DOWN;zakreslená žlutá;hlavní;35,9;0,106;19:55 @ 3725,75;22:19 @ 3710,50;3723,00;27,41;4,00;3723,00 | 3721,75;3727,75 černá | 3719,50 černá;3723,00 OHLC;deník řádek 557 (obchod 554);2026-09-25
REAL;261.png;2;;555;2014-05-28;20:51;NQM4;0;3718,50;3719,75;5;3715,00;14;2,80;3722,25;15;3709,25;37;0;1;-30;3719,75;21:03;B;A;B;Ne;3719,75;3719,75;DOWN;zakreslená žlutá;hlavní;35,9;0,106;19:55 @ 3725,75;22:19 @ 3710,50;3719,75;27,41;4,00;3723,00 | 3721,75;3727,75 černá | 3719,50 černá;3719,50 S/R černá;deník řádek 558 (obchod 555);2026-09-25
GUESSED;265.png;1;265;;2014-06-03;17:49;NQM4;0;3720,25;3721,50;5;3716,75;14;2,80;3731,50;45;3719,75;2;0;1;-30;3721,50;17:50;B;A;B;Ne;;;DOWN;zakreslená žlutá;hlavní;34,5;0,157;16:27 @ 3734,50;18:20 @ 3716,75;3721,75;17,49;4,00;3741,50 | 3735,00 | 3728,50;3723,50 černá | 3721,25 černá | 3716,75 černá;3721,25 S/R černá;MAE/MFE: okno do konce grafu (20:37);2026-09-25
GUESSED;265.png;2;;;2014-06-03;18:11;NQM4;1;3723,25;3722,00;5;3728,50;21;4,20;3723,00;1;3731,50;33;1;0;100;3728,50;18:20;B;C;B;Ano;;;UP;zakreslená žlutá;hlavní;41,0;0,199;17:42 @ 3716,25;19:24 @ 3736,50;3722,00;17,49;4,00;3741,50 | 3735,00 | 3728,50;3723,50 černá | 3721,25 černá | 3716,75 černá;3721,25 S/R černá;MAE/MFE: okno do konce grafu (20:37);2026-09-25
REAL;267.png;1;267;556;2014-06-04;18:31;NQM4;1;3742,25;3741,50;3;3743,75;6;2,00;3742,00;1;3749,25;28;1;0;25;3743,75;18:37;C;A;A;Ne;3746,00;3746,00;UP;zakreslená zelená;aktuální;30,9;0,091;17:17 @ 3735,25;20:56 @ 3755,25;3742,00;26,19;4,00;3735,75 | 3734,25;3741,50 černá;3741,50 S/R černá;deník řádek 559 (obchod 556);2026-09-25
GUESSED;269.png;1;269;;2014-06-05;22:00;NQM4;0;3743,75;3744,75;4;3741,00;11;2,75;3750,25;26;3743,00;3;0;1;-25;3744,75;22:01;;;;;;;DOWN;odhad (TL nezakreslena);;1,3;0,003;20:40 @ 3744,75;21:55 @ 3744,50;3744,50;34,50;5,00;;;;"infobox IN 3743,75 nesedí s close vstupní svíčky 3744,50; MAE/MFE: okno do konce grafu (23:26)";2026-09-25
GUESSED;271.png;1;271;;2014-06-05;22:00;NQM4;1;3774,50;3773,75;3;3777,00;10;3,33;3774,50;0;3779,50;20;1;0;45;3777,00;22:01;;;;;;;UP;odhad (TL nezakreslena);;2,4;0,005;19:42 @ 3771,75;21:32 @ 3772,25;3772,50;37,37;4,00;;;;"infobox: MFE do 12:00 dalšího dne 39 ticků (RRR 9,75); graf přes půlnoc – datum obchodu 2014-06-05 (hlavička 2014-06-06); MAE/MFE: okno do konce grafu (00:27)";2026-09-25
REAL;274.png;1;274;557;2014-06-10;20:58;NQM4;1;3796,00;3795,50;2;3798,25;9;4,50;3796,00;0;3803,00;28;1;0;40;3798,25;21:05;B;A;A;Ne;3800,00;3797,00;UP;zakreslená žlutá;hlavní;23,4;0,043;19:19 @ 3791,50;23:19 @ 3801,25;3795,75;30,46;3,00;3803,00 | 3800,00 | 3793,50;3796,25 černá;3796,25 S/R černá;"deník řádek 560 (obchod 557); graf přes půlnoc – datum obchodu 2014-06-10 (hlavička 2014-06-11)";2026-09-25
GUESSED;276.png;1;276;;2014-06-09;22:00;NQM4;0;3793,25;3794,25;4;3790,25;12;3,00;3796,50;13;3791,25;8;0;1;-25;3794,25;22:01;;;;;;;DOWN;odhad (TL nezakreslena);;18,8;0,058;21:25 @ 3796,25;21:51 @ 3794,75;3794,25;29,58;5,00;;3796,25 černá | 3790,25 černá;3796,25 S/R černá;"infobox IN 3793,25 nesedí s close vstupní svíčky 3795,00; MAE/MFE: okno do konce grafu (22:46)";2026-09-25
REAL;281.png;1;281;563;2014-06-24;20:55;NQU4;0;3811,50;3813,00;6;3808,25;13;2,17;3812,50;4;3781,25;121;1;0;60;3808,25;21:00;B;A;A;Ne;3792,00;3792,75;DOWN;zakreslená žlutá;hlavní;22,6;0,127;18:41 @ 3828,00;23:04 @ 3796,50;3811,00;13,14;4,00;3807,25 | 3793,00 | 3792,25;3815,50 černá | 3812,25 černá | 3797,75 černá;3812,25 S/R černá;deník řádek 566 (obchod 563);2026-09-25
REAL;283.png;1;283;564;2014-06-25;19:29;NQU4;1;3806,75;3805,75;4;3809,75;12;3,00;3806,25;2;3823,50;67;1;0;55;3809,75;19:47;B;A;A;Ne;3812,25;3815,25;UP;zakreslená žlutá;hlavní;21,3;0,069;17:50 @ 3799,00;21:52 @ 3815,75;3806,00;22,40;4,00;;3815,50 černá | 3812,25 černá | 3807,00 černá | 3797,75 černá;3807,00 S/R černá;deník řádek 567 (obchod 564);2026-09-25
REAL;284.png;1;284;565;2014-06-30;18:40;NQU4;1;3844,25;3843,25;4;3847,00;11;2,75;3843,75;2;3851,25;28;1;0;50;3847,00;19:13;C;A;A;Ne;3847,00;3847,50;UP;zakreslená zelená;aktuální;35,4;0,069;17:09 @ 3837,75;20:37 @ 3852,00;3844,00;31,07;3,00;3837,75;3847,00 černá | 3844,00 černá;3844,00 S/R černá;deník řádek 568 (obchod 565);2026-09-25
REAL;285.png;1;285;566;2014-07-01;18:11;NQU4;1;3882,50;3881,50;4;3884,50;8;2,00;3882,00;2;3894,50;48;1;0;35;3884,50;18:20;B;A;A;Ne;3886,25;3888,50;UP;zakreslená žlutá;hlavní;20,6;0,047;16:50 @ 3878,25;22:00 @ 3893,00;3882,00;23,88;3,00;;3891,75 černá | 3886,25 černá | 3882,25 černá;3882,25 S/R černá;deník řádek 569 (obchod 566);2026-09-25
REAL;286.png;1;286;567;2014-07-02;19:57;NQU4;0;3891,00;3891,75;3;3888,25;11;3,67;3891,50;2;3883,25;31;1;0;50;3888,25;20:27;B;A;B;Ne;3888,25;3888,25;DOWN;zakreslená žlutá;hlavní;20,9;0,059;18:24 @ 3896,25;21:56 @ 3883,75;3890,75;25,89;4,00;3894,50 | 3886,00;3891,75 černá | 3888,25 černá;3891,75 S/R černá;"deník řádek 570 (obchod 567); graf přes půlnoc – datum obchodu 2014-07-02 (hlavička 2014-07-03)";2026-09-25
REAL;286.png;2;;568;2014-07-02;21:23;NQU4;1;3888,25;3887,50;3;3890,00;7;2,33;3886,25;8;3892,50;17;0;1;-20;3887,50;21:24;B;A;A;Ano;3887,50;3887,50;UP;zakreslená žlutá;hlavní;54,2;0,214;20:57 @ 3883,50;22:00 @ 3897,00;3889,00;25,89;4,00;3894,50 | 3886,00;3891,75 černá | 3888,25 černá;3888,25 S/R černá;"deník řádek 571 (obchod 568); graf přes půlnoc – datum obchodu 2014-07-02 (hlavička 2014-07-03); rozdíl obrázek vs deník: čas obrázek 21:22 / deník 21:23";2026-09-25
REAL;288.png;1;288;570;2014-07-08;20:25;NQU4;0;3862,50;3863,50;4;3860,00;10;2,50;3862,50;0;3850,75;47;1;0;45;3860,00;20:28;B;A;A;Ano;3855,25;3857,25;DOWN;zakreslená žlutá;hlavní;26,5;0,110;19:55 @ 3865,75;22:07 @ 3851,25;3862,50;18,13;4,00;;3863,25 černá | 3855,25 černá;3863,25 S/R černá;deník řádek 573 (obchod 570);2026-09-25
REAL;289.png;1;289;571;2014-07-09;18:20;NQU4;1;3878,25;3877,50;3;3880,50;9;3,00;3877,00;5;3880,25;8;0;1;-20;3877,50;18:31;B;A;A;Ano;3877,50;3877,50;UP;zakreslená žlutá;hlavní;52,1;0,240;17:52 @ 3872,25;19:09 @ 3890,75;3879,00;21,37;4,00;;3881,50 černá | 3877,75 černá;3877,75 S/R černá;deník řádek 574 (obchod 571);2026-09-25
REAL;291.png;1;291;572;2014-07-14;18:41;NQU4;0;3927,25;3928,00;3;3924,75;10;3,33;3927,50;1;3920,75;26;1;0;45;3924,75;18:45;B;A;A;Ne;3927,50;3925,75;DOWN;zakreslená žlutá;hlavní;19,7;0,042;17:25 @ 3930,75;22:31 @ 3917,75;3927,50;25,23;3,00;;3927,50 černá | 3924,50 černá | 3918,25 černá;3927,50 S/R černá;"deník řádek 575 (obchod 572); graf přes půlnoc – datum obchodu 2014-07-14 (hlavička 2014-07-15)";2026-09-25
REAL;292.png;1;292;573;2014-07-15;18:27;NQU4;0;3896,75;3898,50;7;3889,50;29;4,14;3907,00;41;3895,50;5;0;1;-40;3898,50;18:28;A;A;B;Ne;3898,50;3898,50;DOWN;zakreslená žlutá;hlavní;23,9;0,183;16:31 @ 3919,50;19:26 @ 3887,50;3898,25;9,68;4,00;3931,00 | 3922,75 | 3898,00;3927,50 černá | 3924,50 černá | 3918,25 černá | 3916,25 černá | 3906,25 černá | 3889,00 černá | 3882,50 černá;3898,00 OHLC;deník řádek 576 (obchod 573);2026-09-25
REAL;293.png;1;293;574;2014-07-16;21:03;NQU4;0;3932,25;3933,00;3;3930,50;7;2,33;3932,75;2;3921,50;43;1;0;30;3930,50;21:15;A;A;A;Ne;3923,50;3931,50;DOWN;zakreslená žlutá;hlavní;42,8;0,083;20:34 @ 3935,25;22:49 @ 3925,25;3932,75;33,27;3,00;3933,50;3932,00 černá | 3927,50 černá;3933,50 OHLC;deník řádek 577 (obchod 574);2026-09-25
REAL;294.png;1;294;575;2014-07-22;21:50;NQU4;0;3956,00;3956,75;3;3952,00;16;5,33;3956,50;2;3940,75;61;1;0;75;3952,00;22:00;B;A;A;Ne;3950,00;3950,00;DOWN;zakreslená žlutá;hlavní;5,3;0,009;16:56 @ 3958,75;00:40 @ 3955,25;3956,25;31,24;3,00;;3955,75 černá | 3950,00 černá | 3947,00 černá;3955,75 S/R černá;"deník řádek 578 (obchod 575); graf přes půlnoc – datum obchodu 2014-07-22 (hlavička 2014-07-23)";2026-09-25
REAL;295.png;1;295;576;2014-07-23;20:04;NQU4;1;3978,25;3977,50;3;3980,50;9;3,00;3978,00;1;3982,50;17;1;0;40;3980,50;20:10;B;A;B;Ano;3977,75;3979,00;UP;zakreslená žlutá;hlavní;48,7;0,150;19:30 @ 3972,50;21:20 @ 3989,00;3977,50;30,37;4,00;;3981,00 černá | 3977,75 černá | 3972,00 černá;3977,75 S/R černá;deník řádek 579 (obchod 576);2026-09-25
REAL;297.png;1;297;577;2014-07-24;19:21;NQU4;0;3974,75;3975,50;3;3972,00;11;3,67;3976,75;8;3973,00;7;0;1;-20;3975,50;19:25;C;B;B;Ne;3975,50;3975,50;DOWN;zakreslená červená;aktuální;48,5;0,143;18:06 @ 3986,25;19:58 @ 3970,25;3975,50;23,74;3,00;3983,25 | 3979,25;3985,75 černá | 3974,50 modrá | 3972,00 černá;3974,50 S/R modrá;deník řádek 580 (obchod 577);2026-09-25
REAL;297.png;2;;578;2014-07-24;20:13;NQU4;0;3982,25;3983,25;4;3979,25;12;3,00;3983,00;3;3971,50;43;1;0;55;3979,25;20:32;C;B;B;Ne;3974,50;3972,50;DOWN;zakreslená červená;aktuální;9,2;0,021;15:37 @ 3989,00;20:30 @ 3983,00;3983,25;23,74;3,00;3983,25 | 3979,25;3985,75 černá | 3974,50 modrá | 3972,00 černá;3983,25 OHLC;deník řádek 581 (obchod 578);2026-09-25
REAL;299.png;1;299;579;2014-07-28;17:54;NQU4;1;3951,25;3950,25;4;3954,25;12;3,00;3949,00;9;3951,75;2;0;1;-25;3950,25;17:58;C;A;A;Ne;3950,25;3950,25;UP;zakreslená zelená;aktuální;54,3;0,272;17:16 @ 3941,50;19:01 @ 3970,00;3951,75;20,43;4,00;3965,50 | 3962,75 | 3955,75;3958,00 černá | 3953,00 modrá | 3951,25 černá | 3947,25 černá | 3946,00 modrá;3951,25 S/R černá;deník řádek 582 (obchod 579);2026-09-25
REAL;299.png;2;;580;2014-07-28;19:02;NQU4;1;3952,25;3951,00;5;3955,50;13;2,60;3951,50;3;3970,25;72;1;0;60;3955,50;19:10;A;A;B;Ne;3962,75;3960,50;UP;zakreslená žlutá;hlavní;34,9;0,136;17:52 @ 3941,50;20:31 @ 3963,25;3951,00;20,43;4,00;3965,50 | 3962,75 | 3955,75;3958,00 černá | 3953,00 modrá | 3951,25 černá | 3947,25 černá | 3946,00 modrá;3951,25 S/R černá;deník řádek 583 (obchod 580);2026-09-25
REAL;304.png;1;304;581;2014-07-30;18:42;NQU4;1;3961,75;3960,50;5;3964,25;10;2,00;3961,00;3;3964,75;12;1;0;45;3964,25;18:48;B;A;B;Ano;3960,50;3960,50;UP;zakreslená žlutá;hlavní;37,1;0,189;18:07 @ 3953,75;19:38 @ 3971,00;3960,50;20,05;5,00;3977,75 | 3958,50 | 3956,50;3974,75 modrá | 3969,25 černá | 3966,75 modrá | 3961,00 modrá | 3954,00 modrá;3961,00 S/R modrá;deník řádek 584 (obchod 581);2026-09-25
REAL;304.png;2;;582;2014-07-30;20:37;NQU4;1;3971,00;3969,25;7;3974,75;15;2,14;3962,75;33;3974,00;12;0;1;-40;3969,25;20:45;B;C;B;Ne;3969,25;3969,25;UP;zakreslená žlutá;hlavní;34,2;0,169;19:27 @ 3958,25;21:01 @ 3974,00;3970,00;20,05;5,00;3977,75 | 3958,50 | 3956,50;3974,75 modrá | 3969,25 černá | 3966,75 modrá | 3961,00 modrá | 3954,00 modrá;3969,25 S/R černá;deník řádek 585 (obchod 582);2026-09-25
REAL;304.png;3;;583;2014-07-30;20:58;NQU4;0;3968,50;3969,50;4;3962,75;23;5,75;3969,00;2;3961,00;30;1;0;110;3962,75;21:02;B;A;A;Ne;3966,75;3967,00;DOWN;zakreslená žlutá;hlavní;55,4;0,361;20:30 @ 3977,50;21:20 @ 3959,50;3967,50;20,05;5,00;3977,75 | 3958,50 | 3956,50;3974,75 modrá | 3969,25 černá | 3966,75 modrá | 3961,00 modrá | 3954,00 modrá;3966,75 S/R modrá;deník řádek 586 (obchod 583);2026-09-25
REAL;307.png;1;307;584;2014-07-31;17:40;NQU4;0;3907,25;3909,75;10;3900,25;28;2,80;3909,25;8;3889,00;73;1;0;135;3900,25;17:48;B;A;A;Ne;3898,50;3895,75;DOWN;zakreslená žlutá;hlavní;43,5;0,289;16:58 @ 3920,00;19:06 @ 3883,25;3908,00;13,14;4,00;;3909,75 černá | 3893,00 černá;3909,75 S/R černá;deník řádek 587 (obchod 584);2026-09-25
REAL;307.png;2;;585;2014-07-31;20:16;NQU4;1;3902,50;3901,00;6;3909,75;29;4,83;3882,50;80;3908,25;23;0;1;-35;3901,00;20:24;B;C;A;Ne;3901,00;3901,00;UP;zakreslená žlutá;hlavní;22,2;0,124;18:28 @ 3889,50;21:10 @ 3909,75;3903,00;13,14;4,00;;3909,75 černá | 3893,00 černá;;deník řádek 588 (obchod 585);2026-09-25
REAL;311.png;1;311;586;2014-08-04;18:37;NQU4;1;3890,75;3889,25;6;3896,25;22;3,67;3890,25;2;3896,75;24;1;0;105;3896,25;18:54;A;A;B;Ano;3890,50;3891,50;UP;zakreslená žlutá;hlavní;22,6;0,130;17:15 @ 3878,75;20:11 @ 3901,75;3889,50;12,82;4,00;3901,25 | 3890,50 | 3870,00;3883,25 černá | 3878,25 modrá | 3873,25 modrá;3890,50 OHLC;deník řádek 589 (obchod 586);2026-09-25
REAL;313.png;1;313;587;2014-08-05;17:46;NQU4;1;3888,25;3886,25;8;3893,75;22;2,75;3871,25;68;3888,50;1;0;1;-45;3886,25;17:47;B;B;B;Ne;3886,25;3886,25;UP;zakreslená žlutá;hlavní;27,2;0,185;16:28 @ 3873,75;19:01 @ 3902,00;3888,00;11,14;4,00;3893,75 | 3873,00 | 3867,25;3897,50 černá | 3886,25 modrá | 3879,00 modrá | 3859,25 černá;3886,25 S/R modrá;"deník řádek 590 (obchod 587); infobox IN 3888,25 nesedí s close vstupní svíčky 3889,75; rozdíl obrázek vs deník: čas obrázek 17:45 / deník 17:46";2026-09-25
REAL;313.png;2;;588;2014-08-05;19:17;NQU4;0;3879,75;3881,00;5;3875,00;19;3,80;3886,75;28;3879,00;3;0;1;-30;3881,00;19:18;B;A;A;Ne;3881,00;3881,00;DOWN;zakreslená žlutá;hlavní;20,6;0,135;17:21 @ 3894,50;21:30 @ 3861,00;3879,00;11,14;4,00;3893,75 | 3873,00 | 3867,25;3897,50 černá | 3886,25 modrá | 3879,00 modrá | 3859,25 černá;3879,00 S/R modrá;deník řádek 591 (obchod 588);2026-09-25
REAL;313.png;3;;589;2014-08-05;20:48;NQU4;0;3866,75;3869,25;10;3857,50;37;3,70;3866,75;0;3852,50;57;1;0;180;3857,50;21:05;A;A;A;Ne;3859,00;3862,50;DOWN;zakreslená žlutá;hlavní;20,6;0,135;17:21 @ 3894,50;21:30 @ 3861,00;3866,75;11,14;4,00;3893,75 | 3873,00 | 3867,25;3897,50 černá | 3886,25 modrá | 3879,00 modrá | 3859,25 černá;3867,25 OHLC;deník řádek 592 (obchod 589);2026-09-25
REAL;316.png;1;316;590;2014-08-06;19:27;NQU4;0;3881,50;3883,00;6;3877,00;18;3,00;3882,00;2;3866,75;59;1;0;85;3877,00;19:30;B;A;B;Ne;3877,00;3876,25;DOWN;zakreslená žlutá;hlavní;25,3;0,102;18:04 @ 3891,00;21:58 @ 3867,00;3882,50;18,52;4,00;3894,75 | 3875,00;3889,25 modrá | 3884,50 modrá | 3881,75 modrá | 3877,00 modrá | 3870,00 modrá;3881,75 S/R modrá;deník řádek 593 (obchod 590);2026-09-25
REAL;316.png;2;;591;2014-08-06;20:26;NQU4;0;3875,00;3877,00;8;3869,50;22;2,75;3876,25;5;3866,75;33;1;0;105;3869,50;20:35;B;A;B;Ne;3875,00;3876,25;DOWN;zakreslená žlutá;hlavní;25,3;0,102;18:04 @ 3891,00;21:58 @ 3867,00;3876,50;18,52;4,00;3894,75 | 3875,00;3889,25 modrá | 3884,50 modrá | 3881,75 modrá | 3877,00 modrá | 3870,00 modrá;3877,00 S/R modrá;deník řádek 594 (obchod 591);2026-09-25
REAL;320.png;1;320;592;2014-08-11;18:25;NQU4;0;3912,00;3913,00;4;3909,50;10;2,50;3914,25;9;3901,25;43;0;1;-25;3913,00;18:26;C;A;A;Ano;3913,00;3913,00;DOWN;zakreslená červená;aktuální;30,5;0,078;17:22 @ 3917,50;19:27 @ 3907,75;3912,50;30,13;4,00;;3913,00 černá | 3909,25 černá;3913,00 S/R černá;deník řádek 595 (obchod 592);2026-09-25
REAL;320.png;2;;593;2014-08-11;19:11;NQU4;0;3912,50;3914,00;6;3909,25;13;2,17;3913,50;4;3901,25;45;1;0;60;3909,25;19:25;B;A;A;Ne;3909,25;3908,25;DOWN;zakreslená žlutá;hlavní;20,0;0,048;17:21 @ 3917,75;21:07 @ 3906,75;3912,50;30,13;4,00;;3913,00 černá | 3909,25 černá;3913,00 S/R černá;deník řádek 596 (obchod 593);2026-09-25
REAL;323.png;1;323;594;2014-08-12;19:29;NQU4;0;3899,75;3900,75;4;3896,75;12;3,00;3900,00;1;3883,25;66;1;0;55;3896,75;19:33;B;B;A;Ano;3896,75;3896,25;DOWN;zakreslená žlutá;hlavní;19,1;0,064;18:43 @ 3903,00;22:14 @ 3889,50;3900,00;21,64;4,00;3908,50;3903,25 černá | 3899,25 černá | 3896,75 černá | 3890,75 černá;3899,25 S/R černá;deník řádek 597 (obchod 594);2026-09-25
REAL;326.png;1;326;595;2014-08-13;21:13;NQU4;1;3942,25;3941,25;4;3944,75;10;2,50;3941,75;2;3948,50;25;1;0;45;3944,75;21:21;B;A;A;Ne;3946,75;3943,25;UP;zakreslená žlutá;hlavní;16,4;0,039;18:08 @ 3935,25;22:24 @ 3945,25;3942,50;30,16;4,00;;3944,50 černá | 3941,50 černá;3941,50 S/R černá;deník řádek 598 (obchod 595);2026-09-25
REAL;326.png;2;;596;2014-08-13;21:57;NQU4;1;3944,25;3943,25;4;3947,00;11;2,75;3943,00;5;3948,50;17;0;1;-25;3943,25;21:58;B;A;A;Ne;3943,25;3943,25;UP;zakreslená žlutá;hlavní;16,4;0,039;18:08 @ 3935,25;22:24 @ 3945,25;3944,25;30,16;4,00;;3944,50 černá | 3941,50 černá;3944,50 S/R černá;deník řádek 599 (obchod 596);2026-09-25
REAL;329.png;1;329;597;2014-08-14;20:03;NQU4;1;3959,00;3957,50;6;3962,25;13;2,17;3958,25;3;3973,25;57;1;0;60;3962,25;20:35;C;A;B;Ano;3968,50;3960,25;UP;odhad (TL nezakreslena);aktuální;26,0;0,062;19:03 @ 3955,25;19:51 @ 3958,25;3959,00;23,40;3,00;3949,50 | 3947,50;3957,50 černá | 3952,75 černá;3957,50 S/R černá;deník řádek 600 (obchod 597);2026-09-25
GUESSED;332.png;1;332;;2014-09-02;19:53;NQU4;0;4083,25;4084,00;3;4079,50;15;5,00;4095,25;48;4083,25;0;0;1;-20;4084,00;19:54;A;A;B;Ne;;;DOWN;zakreslená žlutá;hlavní;26,5;0,068;17:19 @ 4094,25;21:38 @ 4076,75;4083,75;29,42;4,00;4085,00 | 4084,00 | 4078,75;4088,25 černá | 4082,00 modrá;4084,00 OHLC;MAE/MFE: okno do konce grafu (22:21);2026-09-25
GUESSED;332.png;2;;;2014-09-02;20:42;NQU4;1;4084,75;4083,75;4;4087,75;12;3,00;4084,75;0;4095,25;42;1;0;55;4087,75;20:52;A;A;A;Ne;;;UP;zakreslená žlutá;hlavní;31,9;0,085;19:35 @ 4078,75;22:21 @ 4092,75;4084,50;29,42;4,00;4085,00 | 4084,00 | 4078,75;4088,25 černá | 4082,00 modrá;4084,00 OHLC;MAE/MFE: okno do konce grafu (22:21);2026-09-25
GUESSED;335.png;1;335;;2014-09-03;19:16;NQU4;1;4077,50;4076,75;3;4080,50;12;4,00;4077,00;2;4081,25;15;1;0;55;4080,50;19:27;A;A;A;Ne;;;UP;zakreslená žlutá;hlavní;39,1;0,166;18:03 @ 4064,50;20:41 @ 4090,75;4076,75;19,51;4,00;4082,50 | 4077,75;4086,50 modrá;4077,75 OHLC;;2026-09-25
GUESSED;339.png;1;339;;2014-09-08;20:34;NQU4;1;4081,50;4080,00;6;4086,50;20;3,33;4080,75;3;4096,25;59;1;0;95;4086,50;20:51;B;C;A;Ne;;;UP;zakreslená žlutá;hlavní;33,1;0,112;20:04 @ 4077,50;23:04 @ 4095,75;4080,75;23,27;4,00;4091,50 | 4090,25;4086,50 modrá | 4081,75 modrá | 4079,25 černá;4081,75 S/R modrá;MAE/MFE: okno do konce grafu (23:10);2026-09-25
GUESSED;342.png;1;342;;2014-09-09;18:36;NQU4;1;4087,00;4086,00;4;4091,00;16;4,00;4086,00;4;4088,75;7;0;1;-25;4086,00;18:43;A;A;B;Ne;;;UP;zakreslená žlutá;hlavní;18,9;0,083;17:01 @ 4078,25;20:57 @ 4098,00;4086,25;16,49;4,00;4093,00 | 4086,50 | 4075,50;4094,25 modrá | 4091,75 modrá | 4082,25 modrá;4086,50 OHLC;;2026-09-25
GUESSED;342.png;2;;;2014-09-09;20:59;NQU4;0;4077,50;4080,25;11;4071,75;23;2,09;4077,75;1;4059,50;72;1;0;110;4071,75;21:04;A;A;A;Ano;;;DOWN;zakreslená žlutá;hlavní;65,0;0,520;20:20 @ 4098,00;21:34 @ 4059,50;4077,75;16,49;4,00;4093,00 | 4086,50 | 4075,50;4094,25 modrá | 4091,75 modrá | 4082,25 modrá;4075,50 OHLC;MAE/MFE: okno do konce grafu (21:48);2026-09-25
GUESSED;346.png;1;346;;2014-09-10;18:59;NQU4;1;4083,00;4081,25;7;4087,25;17;2,43;4082,75;1;4096,25;53;1;0;80;4087,25;19:07;B;C;B;Ano;;;UP;zakreslená žlutá;hlavní;47,3;0,220;18:17 @ 4073,50;20:08 @ 4098,00;4082,75;19,71;4,00;4092,50;4098,25 černá | 4087,25 modrá | 4081,25 modrá;4081,25 S/R modrá;MAE/MFE: okno do konce grafu (22:10);2026-09-25
GUESSED;346.png;2;;;2014-09-10;20:49;NQU4;0;4087,75;4088,75;4;4083,50;17;4,25;4089,50;7;4084,25;14;0;1;-25;4088,75;20:50;B;A;A;Ne;;;DOWN;zakreslená žlutá;hlavní;15,0;0,054;19:12 @ 4093,75;22:10 @ 4084,00;4088,50;19,71;4,00;4092,50;4098,25 černá | 4087,25 modrá | 4081,25 modrá;4087,25 S/R modrá;;2026-09-25
GUESSED;350.png;1;350;;2014-09-15;17:55;NQZ4;0;4021,75;4022,75;4;4018,50;13;3,25;4022,00;1;4017,25;18;1;0;60;4018,50;17:58;B;B;A;Ne;;;DOWN;zakreslená žlutá;hlavní;34,7;0,160;16:33 @ 4034,75;18:58 @ 4011,50;4021,50;17,27;4,00;4049,00;4027,25 černá | 4022,00 černá | 4018,50 černá;4022,00 S/R černá;;2026-09-25
GUESSED;354.png;1;354;;2014-09-17;18:04;NQZ4;0;4059,00;4060,50;6;4055,25;15;2,50;4060,25;5;4051,00;32;1;0;70;4055,25;18:22;A;A;A;Ne;;;DOWN;zakreslená žlutá;hlavní;19,1;0,049;15:45 @ 4065,25;20:25 @ 4051,75;4058,50;21,44;3,00;4066,50 | 4057,75;4061,25 černá | 4051,50 černá;4057,75 OHLC;;2026-09-25
GUESSED;357.png;1;357;;2014-09-22;20:39;NQZ4;0;4041,50;4043,50;8;4035,75;23;2,88;4057,00;62;4040,50;4;0;1;-45;4043,50;20:45;B;A;A;Ne;;;DOWN;zakreslená žlutá;hlavní;17,0;0,058;17:25 @ 4052,75;22:43 @ 4035,25;4041,50;15,75;3,00;;4052,00 černá | 4047,25 černá | 4042,50 černá;4042,50 S/R černá;MAE/MFE: okno do konce grafu (23:00);2026-09-25
GUESSED;357.png;2;;;2014-09-22;21:31;NQZ4;1;4048,75;4047,25;6;4052,50;15;2,50;4047,75;4;4057,00;33;1;0;70;4052,50;21:40;B;A;B;Ne;;;UP;zakreslená žlutá;hlavní;43,5;0,181;20:28 @ 4036,25;23:00 @ 4060,75;4047,75;15,75;3,00;;4052,00 černá | 4047,25 černá | 4042,50 černá;4047,25 S/R černá;MAE/MFE: okno do konce grafu (23:00);2026-09-25
GUESSED;360.png;1;360;;2014-09-23;17:56;NQZ4;1;4057,25;4056,25;4;4060,00;11;2,75;4055,50;7;4058,50;5;0;1;-25;4056,25;17:59;B;A;A;Ano;;;UP;zakreslená žlutá;hlavní;65,1;0,259;17:11 @ 4045,50;18:30 @ 4066,00;4057,25;24,91;3,00;4044,50;4056,75 černá | 4051,00 modrá | 4048,00 modrá;4056,75 S/R černá;;2026-09-25
GUESSED;360.png;2;;;2014-09-23;19:43;NQZ4;0;4055,50;4057,00;6;4051,00;18;3,00;4055,50;0;4043,50;48;1;0;85;4051,00;19:50;B;B;A;Ne;;;DOWN;zakreslená žlutá;hlavní;9,8;0,021;17:40 @ 4059,50;21:30 @ 4054,75;4057,00;24,91;3,00;4044,50;4056,75 černá | 4051,00 modrá | 4048,00 modrá;4056,75 S/R černá;MAE/MFE: okno do konce grafu (21:30);2026-09-25
GUESSED;364.png;1;364;;2014-10-13;21:14;NQZ4;0;3845,50;3848,50;12;3839,00;26;2,17;3847,25;7;3831,00;58;1;0;125;3839,00;21:17;C;C;A;Ano;;;DOWN;odhad (TL nezakreslena);aktuální;51,0;0,683;20:52 @ 3860,00;21:07 @ 3849,75;3845,00;9,05;5,00;3867,25 | 3851,00 | 3848,00;3839,25 černá | 3834,75 černá;;MAE/MFE: okno do konce grafu (21:30);2026-09-25
GUESSED;367.png;1;367;;2014-10-14;17:27;NQZ4;1;3834,25;3832,00;9;3846,00;47;5,22;3831,50;11;3837,00;11;0;1;-50;3832,00;17:31;B;A;A;Ano;;;UP;zakreslená žlutá;hlavní;48,7;0,544;16:35 @ 3805,00;18:17 @ 3860,50;3833,25;8,36;4,00;3848,50;3837,00 modrá | 3821,50 modrá | 3803,25 modrá;;;2026-09-25
GUESSED;367.png;2;;;2014-10-14;21:00;NQZ4;0;3816,00;3821,50;22;3803,25;51;2,32;3818,75;11;3798,75;69;1;0;250;3803,25;21:06;C;B;B;Ne;;;DOWN;zakreslená červená;aktuální;23,3;0,206;19:18 @ 3841,50;21:37 @ 3813,00;3820,50;8,36;4,00;3848,50;3837,00 modrá | 3821,50 modrá | 3803,25 modrá;3821,50 S/R modrá;MAE/MFE: okno do konce grafu (21:37);2026-09-25
GUESSED;370.png;1;370;;2014-10-15;17:59;NQZ4;0;3753,00;3756,75;15;3739,75;53;3,53;3753,50;2;3691,50;246;1;0;260;3739,75;18:14;B;B;A;Ne;;;DOWN;zakreslená žlutá;hlavní;17,6;0,224;16:31 @ 3773,75;20:41 @ 3717,50;3754,00;5,67;4,00;;3779,75 černá | 3758,75 černá | 3740,00 černá;;;2026-09-25
GUESSED;370.png;2;;;2014-10-15;21:17;NQZ4;1;3739,75;3738,00;7;3758,75;76;10,86;3737,25;10;3778,50;155;0;1;-40;3738,00;21:18;B;B;A;Ne;;;;;;;;;;;5,67;4,00;;3779,75 černá | 3758,75 černá | 3740,00 černá;;"MAE/MFE: okno do konce grafu (21:33); TL nenalezena (žádná linie u vstupu)";2026-09-25
GUESSED;392.png;1;392;;2014-11-04;20:43;NQZ4;1;4143,00;4142,00;4;4146,75;15;3,75;4142,00;4;4152,25;37;0;1;-25;4142,00;20:45;A;A;A;Ne;;;UP;zakreslená žlutá;hlavní;20,0;0,077;19:35 @ 4137,50;22:15 @ 4149,75;4142,50;18,88;4,00;4158,00 | 4150,25 | 4142,00;4154,50 černá;4142,00 OHLC;MAE/MFE: okno do konce grafu (22:15);2026-09-25
GUESSED;"27.28.png; 524.png; 554.png";1;27;;2014-12-11;17:42;NQZ4;1;4292,50;4290,25;9;4297,25;19;2,11;4290,75;7;4298,00;22;1;0;90;4297,25;17:54;A;A;A;Ano;;;UP;zakreslená žlutá;hlavní;26,3;0,158;17:01 @ 4284,00;18:51 @ 4301,50;4290,50;12,56;4,00;4298,25 | 4290,75;4280,00 modrá;4290,75 OHLC;"Trh podle hlavičky grafu NQZ4 (front-month dle data NQH5); TL převzata ze zakreslené čáry v 524.png";2026-09-25
GUESSED;"27.28.png; 524.png; 554.png";2;28;;2014-12-11;19:42;NQZ4;0;4290,75;4293,50;11;4284,75;24;2,11;4292,25;6;4271,00;79;1;0;115;4284,75;19:57;A;A;A;Ne;;;DOWN;zakreslená žlutá;hlavní;9,8;0,055;17:55 @ 4297,50;21:06 @ 4287,00;4291,50;12,56;4,00;4298,25 | 4290,75;4280,00 modrá;4290,75 OHLC;"Trh podle hlavičky grafu NQZ4 (front-month dle data NQH5); RRR 2.11 vs PT/SL 24/11=2.18; MAE/MFE: okno do konce grafu (20:42); TL převzata ze zakreslené čáry v 524.png";2026-09-25
GUESSED;"561.png; 562.png";1;561;;2014-12-16;18:03;NQH5;1;4166,75;4163,25;14;4178,50;47;3,36;4163,00;15;4172,50;23;0;1;-75;4163,25;18:14;B;A;A;Ne;;;UP;zakreslená žlutá;hlavní;45,4;0,515;16:38 @ 4119,25;18:51 @ 4187,75;4163,00;7,87;4,00;4184,75 | 4158,25 | 4141,00;4167,50 modrá | 4149,75 modrá | 4127,25 černá;;;2026-09-25
GUESSED;"561.png; 562.png";2;;;2014-12-16;20:43;NQH5;0;4141,25;4145,75;18;4127,25;56;3,11;4141,50;1;4119,25;88;1;0;275;4127,25;20:50;B;B;A;Ano;;;DOWN;zakreslená červená;aktuální;19,7;0,182;20:11 @ 4147,75;21:40 @ 4131,50;4142,00;7,87;4,00;4184,75 | 4158,25 | 4141,00;4167,50 modrá | 4149,75 modrá | 4127,25 černá;4141,00 OHLC;MAE/MFE: okno do konce grafu (21:36);2026-09-25
GUESSED;"564.png; 565.png";1;564;;2014-12-17;18:50;NQH5;0;4111,00;4113,75;11;4095,25;63;5,73;4158,00;188;4108,50;10;0;1;-60;4113,75;18:52;B;C;A;Ano;;;DOWN;zakreslená žlutá;hlavní;36,5;0,441;17:59 @ 4131,50;19:32 @ 4090,50;4109,00;6,71;4,00;4087,25 | 4081,00;4155,75 modrá | 4132,00 modrá | 4111,00 modrá | 4095,25 černá;4111,00 S/R modrá;MAE/MFE: okno do konce grafu (20:47);2026-09-25
GUESSED;"564.png; 565.png";2;;;2014-12-17;19:53;NQH5;1;4117,00;4111,00;24;4132,00;60;2,50;4114,25;11;4158,00;164;1;0;295;4132,00;20:00;B;C;A;Ne;;;UP;zakreslená žlutá;hlavní;9,1;0,096;15:45 @ 4087,50;20:47 @ 4116,50;4111,50;6,71;4,00;4087,25 | 4081,00;4155,75 modrá | 4132,00 modrá | 4111,00 modrá | 4095,25 černá;4111,00 S/R modrá;MAE/MFE: okno do konce grafu (20:47);2026-09-25
GUESSED;568.png;1;568;;2014-12-18;21:02;NQH5;0;4243,75;4245,50;7;4237,50;25;3,57;4247,75;16;4240,75;12;0;1;-40;4245,50;21:05;B;A;B;Ne;;;DOWN;odhad (TL nezakreslena);hlavní;4,2;0,023;20:46 @ 4243,50;20:57 @ 4243,25;4243,25;12,84;4,00;;4249,50 černá | 4243,75 černá | 4235,25 černá;4243,75 S/R černá;;2026-09-25
GUESSED;568.png;2;;;2014-12-18;21:34;NQH5;1;4245,00;4243,00;8;4249,50;18;2,25;4243,50;6;4271,25;105;1;0;85;4249,50;21:40;B;C;B;Ne;;;UP;odhad (TL nezakreslena);hlavní;35,7;0,224;20:48 @ 4231,50;21:26 @ 4240,00;4241,75;12,84;4,00;;4249,50 černá | 4243,75 černá | 4235,25 černá;4243,75 S/R černá;MAE/MFE: okno do konce grafu (23:06);2026-09-25
GUESSED;"570.png; 572.png; 574.png";1;570;;2015-01-05;21:47;NQH5;1;4156,50;4152,75;15;4164,00;30;2,00;4155,50;4;4166,75;41;1;0;145;4164,00;21:53;B;A;A;Ano;;;UP;zakreslená žlutá;hlavní;21,5;0,159;20:51 @ 4145,50;22:19 @ 4159,50;4154,50;9,86;4,00;;4183,25 černá | 4164,50 černá | 4154,00 černá;4154,00 S/R černá;;2026-09-25
REAL;287.png;1;287;569;2014-07-03;17:49;NQU4;1;3907,00;3906,25;3;3909,00;8;2,67;3907,00;0;3918,00;44;1;0;35;3909,00;17:52;C;A;B;Ano;3912,50;3911,25;UP;zakreslená zelená;aktuální;37,5;0,118;17:06 @ 3902,00;00:06 @ 3918,00;3907,00;25,88;4,00;3896,50;3906,50 černá | 3903,75 černá;3906,50 S/R černá;"deník řádek 572 (obchod 569); graf přes půlnoc – datum obchodu 2014-07-03 (hlavička 2014-07-04)";2026-09-28
GUESSED;257.png;1;257;;2014-05-16;22:00;NQM4;1;3563,25;3561,75;6;3566,75;14;2,33;3562,25;4;3567,50;17;1;0;65;3566,75;23:20;;;;;;;UP;odhad (TL nezakreslena);;16,4;0,065;20:28 @ 3555,75;21:26 @ 3559,50;3561,75;22,77;5,00;;;;MAE/MFE: okno do konce grafu (23:25);2026-09-28
GUESSED;"577.png; 578.png";1;577;;2015-01-07;21:47;NQH5;1;4148,00;4145,25;11;4153,50;22;2,00;4147,75;1;4154,75;27;1;0;105;4153,50;21:59;B;A;B;Ne;;;UP;zakreslená žlutá;hlavní;21,2;0,094;20:59 @ 4141,50;23:04 @ 4151,75;4146,00;16,44;4,00;4166,50;4163,50 modrá | 4155,25 černá | 4145,25 černá | 4135,00 modrá;4145,25 S/R černá;MAE/MFE: okno do konce grafu (23:04);2026-09-28
GUESSED;"580.png; 581.png";1;580;;2015-01-12;18:00;NQH5;0;4172,75;4175,50;11;4164,25;34;3,09;4178,00;21;4169,25;14;0;1;-60;4175,50;18:01;C;A;A;Ano;;;DOWN;zakreslená červená;aktuální;34,5;0,204;17:06 @ 4184,00;19:57 @ 4149,25;4173,00;13,47;4,00;4181,00;4172,50 černá | 4163,00 černá;4172,50 S/R černá;;2026-09-28
GUESSED;"580.png; 581.png";2;;;2015-01-12;20:14;NQH5;0;4171,00;4174,00;12;4163,00;32;2,67;4172,00;4;4152,75;73;1;0;155;4163,00;20:20;B;B;B;Ne;;;DOWN;zakreslená žlutá;hlavní;10,3;0,054;16:29 @ 4186,00;21:31 @ 4169,75;4173,75;13,47;4,00;4181,00;4172,50 černá | 4163,00 černá;4172,50 S/R černá;MAE/MFE: okno do konce grafu (21:31);2026-09-28
GUESSED;"584.png; 585.png";1;584;;2015-01-13;20:41;NQH5;1;4154,25;4152,00;9;4162,25;32;3,56;4151,25;12;4160,75;26;0;1;-50;4152,00;20:55;A;B;A;Ano;;;UP;zakreslená žlutá;hlavní;58,6;1,034;20:14 @ 4128,25;21:21 @ 4197,25;4156,25;7,91;5,00;4169,75 | 4151,00;4184,50 modrá | 4175,00 modrá | 4162,25 modrá | 4138,75 černá;;;2026-09-28
GUESSED;"584.png; 585.png";2;;;2015-01-13;21:23;NQH5;0;4155,50;4156,75;5;4147,50;32;6,40;4156,50;4;4143,00;50;1;0;155;4147,50;21:29;A;A;A;Ne;;;DOWN;odhad (TL nezakreslena);hlavní;23,1;0,269;19:35 @ 4184,50;21:18 @ 4156,75;4155,50;7,91;5,00;4169,75 | 4151,00;4184,50 modrá | 4175,00 modrá | 4162,25 modrá | 4138,75 černá;;;2026-09-28
GUESSED;"584.png; 585.png";3;;;2015-01-13;21:57;NQH5;1;4154,25;4151,50;11;4162,25;32;2,91;4154,00;1;4166,25;48;1;0;155;4162,25;22:04;A;C;A;Ne;;;UP;odhad (TL nezakreslena);hlavní;34,7;0,438;21:09 @ 4132,25;21:53 @ 4151,50;4153,25;7,91;5,00;4169,75 | 4151,00;4184,50 modrá | 4175,00 modrá | 4162,25 modrá | 4138,75 černá;4151,00 OHLC;MAE/MFE: okno do konce grafu (23:00);2026-09-28
GUESSED;"587.png; 588.png";1;587;;2015-01-14;18:58;NQH5;0;4125,25;4130,00;19;4114,75;42;2,21;4129,00;15;4100,75;98;1;0;205;4114,75;19:17;A;C;A;Ne;;;DOWN;zakreslená žlutá;hlavní;17,7;0,147;17:24 @ 4139,75;20:41 @ 4110,75;4126,00;8,66;4,00;4169,25 | 4160,50 | 4126,75;4165,50 modrá | 4154,75 modrá | 4141,00 modrá | 4135,75 modrá | 4115,00 černá;4126,75 OHLC;;2026-09-28
GUESSED;"587.png; 588.png";2;;;2015-01-14;20:42;NQH5;1;4128,75;4125,75;12;4135,75;28;2,33;4118,50;41;4152,00;93;0;1;-65;4125,75;20:47;A;B;A;Ne;;;UP;zakreslená žlutá;hlavní;49,1;0,533;19:55 @ 4104,50;21:23 @ 4151,25;4129,50;8,66;4,00;4169,25 | 4160,50 | 4126,75;4165,50 modrá | 4154,75 modrá | 4141,00 modrá | 4135,75 modrá | 4115,00 černá;4126,75 OHLC;MAE/MFE: okno do konce grafu (22:41);2026-09-28
GUESSED;"587.png; 588.png";3;;;2015-01-14;21:57;NQH5;1;4135,50;4133,00;10;4141,00;22;2,20;4134,25;5;4152,00;66;1;0;105;4141,00;22:04;B;C;A;Ne;;;UP;zakreslená žlutá;hlavní;27,1;0,236;20:59 @ 4120,00;22:41 @ 4140,75;4133,75;8,66;4,00;4169,25 | 4160,50 | 4126,75;4165,50 modrá | 4154,75 modrá | 4141,00 modrá | 4135,75 modrá | 4115,00 černá;4135,75 S/R modrá;MAE/MFE: okno do konce grafu (22:41);2026-09-28
GUESSED;"591.png; 595.png";1;591;;2015-01-15;17:33;NQH5;0;4113,00;4117,00;16;4102,50;42;2,63;4118,50;22;4074,75;153;0;1;-85;4117,00;17:46;B;A;B;Ano;;;DOWN;zakreslená žlutá;hlavní;50,2;0,421;16:35 @ 4141,25;19:13 @ 4074,75;4116,75;8,56;3,00;;4138,00 modrá | 4129,00 modrá | 4117,00 modrá | 4100,25 modrá | 4089,25 černá;4117,00 S/R modrá;MAE/MFE: okno do konce grafu (23:04);2026-09-28
GUESSED;"591.png; 595.png";2;;;2015-01-15;22:03;NQH5;0;4097,25;4100,25;12;4089,25;32;2,67;4097,50;1;4074,75;90;1;0;155;4089,25;22:29;B;B;B;Ne;;;DOWN;zakreslená žlutá;hlavní;22,0;0,142;20:58 @ 4107,75;23:04 @ 4092,00;4098,75;8,56;3,00;;4138,00 modrá | 4129,00 modrá | 4117,00 modrá | 4100,25 modrá | 4089,25 černá;4100,25 S/R modrá;MAE/MFE: okno do konce grafu (23:04);2026-09-28
GUESSED;599.png;1;599;;2015-01-27;19:55;NQH5;1;4184,50;4181,75;11;4190,25;23;2,09;4182,50;8;4202,50;72;1;0;110;4190,25;20:06;B;B;B;Ne;;;UP;odhad (TL nezakreslena);hlavní;29,8;0,167;18:06 @ 4165,50;18:24 @ 4168,50;4183,75;13,72;4,00;;4190,25 černá | 4181,50 černá | 4173,50 černá;4181,50 S/R černá;;2026-09-28
GUESSED;599.png;2;;;2015-01-27;20:54;NQH5;1;4191,25;4190,25;4;4199,25;32;8,00;4190,00;5;4192,25;4;0;1;-25;4190,25;20:55;B;A;B;Ne;;;UP;odhad (TL nezakreslena);hlavní;23,9;0,129;18:58 @ 4175,00;19:56 @ 4182,50;4190,00;13,72;4,00;;4190,25 černá | 4181,50 černá | 4173,50 černá;4190,25 S/R černá;infobox IN 4184,50 nesedí s grafem ani s P/L -> IN dopočten z OUT a P/L = 4191,25;2026-09-28
GUESSED;599.png;3;;;2015-01-27;21:42;NQH5;0;4174,50;4177,00;10;4167,00;30;3,00;4175,25;3;4165,50;36;1;0;145;4167,00;21:50;B;A;A;Ne;;;DOWN;odhad (TL nezakreslena);hlavní;59,0;0,486;20:53 @ 4199,25;21:11 @ 4190,50;4175,50;13,72;4,00;;4190,25 černá | 4181,50 černá | 4173,50 černá;4173,50 S/R černá;;2026-09-28
GUESSED;"604.png; 606.png";1;604;;2015-01-28;20:41;NQH5;0;4177,75;4180,25;10;4170,25;30;3,00;4190,50;51;4139,00;155;0;1;-55;4180,25;20:42;B;A;A;Ano;;;DOWN;zakreslená žlutá;hlavní;54,7;0,776;20:07 @ 4206,75;20:48 @ 4175,25;4180,50;9,11;5,00;4142,75;4189,50 modrá | 4177,75 modrá | 4169,25 modrá | 4160,50 modrá;4177,75 S/R modrá;MAE/MFE: okno do konce grafu (22:00);2026-09-28
GUESSED;"604.png; 606.png";2;;;2015-01-28;21:29;NQH5;0;4160,25;4162,25;8;4153,25;28;3,50;4161,25;4;4139,00;85;1;0;135;4153,25;21:32;B;A;B;Ano;;;DOWN;zakreslená žlutá;hlavní;62,3;1,046;21:04 @ 4188,75;21:51 @ 4139,00;4162,50;9,11;5,00;4142,75;4189,50 modrá | 4177,75 modrá | 4169,25 modrá | 4160,50 modrá;4160,50 S/R modrá;MAE/MFE: okno do konce grafu (22:00);2026-09-28
GUESSED;"612.png; 615.png";1;612;;2015-01-29;17:56;NQH5;1;4120,50;4118,75;7;4124,50;16;2,29;4120,00;2;4131,50;44;1;0;75;4124,50;18:00;B;B;B;Ano;;;UP;zakreslená zelená;aktuální;34,7;0,190;17:33 @ 4114,50;19:47 @ 4140,00;4119,00;14,53;4,00;4124,50 | 4119,50;4139,75 modrá;4119,50 OHLC;;2026-09-28
GUESSED;"612.png; 615.png";2;;;2015-01-29;18:37;NQH5;1;4119,00;4116,75;9;4124,50;22;2,44;4115,25;15;4122,75;15;0;1;-50;4116,75;18:42;A;C;A;Ne;;;UP;zakreslená žlutá;hlavní;24,4;0,125;16:36 @ 4101,50;20:27 @ 4130,50;4116,50;14,53;4,00;4124,50 | 4119,50;4139,75 modrá;4119,50 OHLC;;2026-09-28
GUESSED;"621.png; 622.png";1;621;;2015-02-02;17:25;NQH5;1;4134,50;4133,00;6;4144,75;41;6,83;4134,50;0;4163,50;116;1;0;200;4144,75;17:27;A;C;A;Ano;;;UP;zakreslená žlutá;hlavní;59,9;0,733;16:49 @ 4107,50;18:18 @ 4172,50;4133,75;9,40;4,00;4144,75 | 4136,00;4171,25 modrá | 4163,00 modrá;4136,00 OHLC;;2026-09-28
GUESSED;"621.png; 622.png";2;;;2015-02-02;18:39;NQH5;0;4147,25;4149,50;9;4139,25;32;3,56;4150,75;14;4117,00;121;0;1;-50;4149,50;18:40;A;A;A;Ne;;;DOWN;zakreslená žlutá;hlavní;30,1;0,246;17:38 @ 4162,75;19:43 @ 4132,00;4147,75;9,40;4,00;4144,75 | 4136,00;4171,25 modrá | 4163,00 modrá;;MAE/MFE: okno do konce grafu (20:09);2026-09-28
GUESSED;"621.png; 622.png";3;;;2015-02-02;19:24;NQH5;0;4142,50;4144,75;9;4136,00;26;2,89;4143,25;3;4135,75;27;1;0;125;4136,00;19:28;B;B;B;Ne;;;DOWN;zakreslená červená;aktuální;13,4;0,102;18:18 @ 4150,50;20:09 @ 4139,25;4143,75;9,40;4,00;4144,75 | 4136,00;4171,25 modrá | 4163,00 modrá;4144,75 OHLC;;2026-09-28
GUESSED;"630.png; 632.png";1;630;;2015-02-03;18:57;NQH5;1;4180,75;4179,50;5;4186,75;24;4,80;4180,75;0;4207,25;106;1;0;115;4186,75;19:14;A;A;A;Ne;;;UP;zakreslená žlutá;hlavní;38,3;0,273;18:03 @ 4166,00;20:12 @ 4201,25;4180,75;14,46;5,00;4188,00 | 4181,75;4178,25 modrá;4181,75 OHLC;MAE/MFE: okno do konce grafu (20:11);2026-09-28
GUESSED;"633.png; 634.png";1;633;;2015-02-04;19:40;NQH5;1;4226,25;4225,25;4;4231,50;21;5,25;4225,25;4;4229,25;12;0;1;-25;4225,25;19:49;B;A;B;Ano;;;UP;zakreslená žlutá;hlavní;37,2;0,214;18:44 @ 4213,50;21:02 @ 4243,00;4225,50;14,18;4,00;4222,75 | 4212,25;4226,25 černá | 4220,25 modrá;4226,25 S/R černá;infobox IN 4226,25 nesedí s close vstupní svíčky 4227,00;2026-09-28
GUESSED;"633.png; 634.png";2;;;2015-02-04;20:50;NQH5;1;4227,75;4226,75;4;4232,50;19;4,75;4227,50;1;4234,00;25;1;0;90;4232,50;20:55;B;A;A;Ano;;;UP;zakreslená žlutá;hlavní;38,0;0,220;20:20 @ 4221,00;22:46 @ 4250,00;4227,50;14,18;4,00;4222,75 | 4212,25;4226,25 černá | 4220,25 modrá;4226,25 S/R černá;;2026-09-28
GUESSED;639.png;1;639;;2015-02-05;18:33;NQH5;0;4237,75;4238,75;4;4232,25;22;5,50;4238,50;3;4229,25;34;1;0;105;4232,25;18:53;B;A;A;Ne;;;DOWN;odhad (TL nezakreslena);hlavní;29,3;0,098;17:32 @ 4243,50;17:55 @ 4241,25;4237,50;22,99;4,00;4243,00;4238,00 černá;4238,00 S/R černá;;2026-09-28
GUESSED;639.png;2;;;2015-02-05;20:52;NQH5;0;4242,50;4244,00;6;4238,00;18;3,00;4244,50;8;4238,25;17;0;1;-35;4244,00;21:24;A;C;A;Ne;;;DOWN;odhad (TL nezakreslena);hlavní;27,2;0,089;20:19 @ 4245,25;20:33 @ 4244,00;4242,25;22,99;4,00;4243,00;4238,00 černá;4243,00 OHLC;;2026-09-28
GUESSED;"644.png; 645.png";1;644;;2015-02-09;21:59;NQH5;1;4211,50;4209,75;7;4215,00;14;2,00;4210,25;5;4220,50;36;1;0;65;4215,00;22:09;A;B;B;Ne;;;UP;zakreslená žlutá;hlavní;18,9;0,108;21:05 @ 4204,50;23:18 @ 4217,25;4210,25;15,89;5,00;4236,00 | 4209,75;4224,75 modrá | 4215,00 černá;4209,75 OHLC;"graf přes půlnoc – datum obchodu 2015-02-09 (hlavička 2015-02-10); MAE/MFE: okno do konce grafu (23:17)";2026-09-28
GUESSED;"647.png; 650.png";1;647;;2015-02-10;20:23;NQH5;1;4261,75;4261,00;3;4264,75;12;4,00;4261,25;2;4279,50;71;1;0;55;4264,75;20:26;B;C;A;Ne;;;UP;zakreslená žlutá;hlavní;24,4;0,083;19:23 @ 4256,25;22:55 @ 4272,75;4261,25;21,76;4,00;;4278,50 černá | 4273,25 černá | 4264,75 černá | 4262,25 černá | 4253,75 černá;4262,25 S/R černá;MAE/MFE: okno do konce grafu (22:55);2026-09-28
GUESSED;"655.png; 656.png";1;655;;2015-02-12;21:37;NQH5;1;4338,25;4336,50;7;4341,75;14;2,00;4337,50;3;4346,25;32;1;0;65;4341,75;21:42;B;B;B;Ne;;;UP;zakreslená žlutá;hlavní;11,5;0,037;18:06 @ 4328,75;22:56 @ 4339,00;4336,50;21,96;4,00;;4341,75 černá | 4337,00 černá;4337,00 S/R černá;MAE/MFE: okno do konce grafu (22:56);2026-09-28
GUESSED;"662.png; 663.png";1;662;;2015-02-17;18:36;NQH5;0;4381,00;4382,00;4;4378,75;9;2,25;4381,25;1;4375,75;21;1;0;40;4378,75;18:40;B;B;A;Ne;;;DOWN;zakreslená žlutá;hlavní;13,9;0,030;16:44 @ 4384,50;20:57 @ 4377,00;4381,25;33,02;4,00;4388,50 | 4374,50 | 4373,50;4385,75 modrá | 4381,00 modrá | 4378,75 modrá;4381,00 S/R modrá;;2026-09-28
GUESSED;"666.png; 667.png";1;666;;2015-02-18;18:04;NQH5;0;4383,75;4385,00;5;4380,50;13;2,60;4384,25;2;4376,25;30;1;0;60;4380,50;18:24;A;A;C;Ne;;;DOWN;zakreslená žlutá;hlavní;5,9;0,013;16:40 @ 4385,50;20:24 @ 4382,50;4384,50;31,05;4,00;4388,00 | 4384,50;4380,50 modrá | 4379,00 modrá;4384,50 OHLC;;2026-09-28
GUESSED;"669.png; 670.png";1;669;;2015-02-19;18:28;NQH5;0;4410,75;4411,50;3;4408,00;11;3,67;4411,00;1;4401,50;37;1;0;50;4408,00;18:34;B;A;A;Ano;;;DOWN;zakreslená žlutá;hlavní;23,5;0,051;17:26 @ 4414,50;21:15 @ 4402,75;4411,25;25,35;3,00;;4414,25 černá | 4410,50 černá | 4407,00 černá;4410,50 S/R černá;graf přes půlnoc – datum obchodu 2015-02-19 (hlavička 2015-02-20);2026-09-28
GUESSED;"669.png; 670.png";2;;;2015-02-19;21:44;NQH5;1;4410,25;4409,50;3;4414,25;16;5,33;4409,25;4;4411,00;3;0;1;-20;4409,50;21:45;B;C;B;Ne;;;UP;zakreslená žlutá;hlavní;18,0;0,038;18:39 @ 4402,50;23:12 @ 4412,50;4409,50;25,35;3,00;;4414,25 černá | 4410,50 černá | 4407,00 černá;4410,50 S/R černá;graf přes půlnoc – datum obchodu 2015-02-19 (hlavička 2015-02-20);2026-09-28
GUESSED;"672.png; 673.png";1;672;;2015-02-23;17:57;NQH5;1;4440,50;4439,75;3;4442,50;8;2,67;4440,25;1;4443,75;13;1;0;35;4442,50;18:05;A;A;A;Ne;;;UP;zakreslená žlutá;hlavní;47,9;0,109;16:46 @ 4433,75;18:46 @ 4446,75;4441,50;40,69;4,00;4445,00 | 4441,25;4438,50 modrá | 4435,25 modrá;4441,25 OHLC;;2026-09-28
GUESSED;"677.png; 678.png";1;677;;2015-02-24;20:06;NQH5;1;4446,00;4445,25;3;4449,25;13;4,00;4445,75;1;4449,75;15;1;0;60;4449,25;20:16;A;B;B;Ne;;;UP;zakreslená žlutá;hlavní;31,1;0,098;18:33 @ 4435,25;21:37 @ 4453,25;4444,50;24,60;4,00;4449,25 | 4445,50 | 4439,75;;4445,50 OHLC;"infobox IN/OUT 4261,75/4264,75 neodpovídají grafu -> IN = close vstupní svíčky 4446,00, OUT posunut o stejný rozdíl; OUT z infoboxu 4449,00 -> 4449,25 (dopočteno z P/L); RRR 4.0 vs PT/SL 13/3=4.33";2026-09-28
GUESSED;"680.png; 681.png";1;680;;2015-02-25;17:33;NQH5;1;4451,00;4450,00;4;4453,25;9;2,25;4451,00;0;4455,50;18;1;0;40;4453,25;17:39;B;A;A;Ano;;;UP;zakreslená žlutá;hlavní;40,6;0,131;15:53 @ 4438,50;18:41 @ 4460,50;4451,50;26,18;4,00;4455,75 | 4448,75 | 4445,25;4450,50 modrá | 4441,50 modrá | 4437,75 modrá;4450,50 S/R modrá;;2026-09-28
GUESSED;"685.png; 686.png";1;685;;2015-03-02;19:04;NQH5;0;4466,50;4468,25;7;4462,75;15;2,14;4466,75;1;4459,25;29;1;0;70;4462,75;19:21;B;C;A;Ne;;;DOWN;zakreslená žlutá;hlavní;43,2;0,143;17:53 @ 4477,50;20:18 @ 4457,00;4467,50;26,28;4,00;4462,75 | 4460,50;4476,75 černá | 4472,25 černá | 4467,50 černá | 4457,75 modrá;4467,50 S/R černá;;2026-09-28
GUESSED;"685.png; 686.png";2;;;2015-03-02;20:42;NQH5;0;4468,25;4469,00;3;4465,50;11;3,67;4469,00;3;4467,25;4;0;1;-20;4469,00;20:44;B;A;A;Ano;;;DOWN;zakreslená žlutá;hlavní;36,8;0,114;20:04 @ 4472,50;21:23 @ 4463,50;4468,25;26,28;4,00;4462,75 | 4460,50;4476,75 černá | 4472,25 černá | 4467,50 černá | 4457,75 modrá;4467,50 S/R černá;;2026-09-28
GUESSED;690.png;1;690;;2015-03-05;17:39;NQH5;1;4451,25;4450,50;3;4454,50;13;4,00;4451,25;0;4456,75;22;1;0;60;4454,50;17:43;B;A;B;Ano;;;UP;zakreslená žlutá;hlavní;48,6;0,282;17:13 @ 4443,75;18:10 @ 4460,00;4451,00;20,10;5,00;4458,25 | 4444,50;4450,25 modrá;4450,25 S/R modrá;RRR 4.0 vs PT/SL 13/3=4.33;2026-09-28
GUESSED;"695.png; 696.png";1;695;;2015-03-09;20:40;NQH5;1;4411,00;4408,25;11;4416,75;23;2,09;4410,75;1;4421,75;43;1;0;110;4416,75;20:46;A;A;A;Ano;;;UP;zakreslená žlutá;hlavní;11,2;0,067;19:41 @ 4406,50;22:43 @ 4417,25;4410,50;11,83;4,00;4410,50 | 4389,25;4429,50 modrá | 4418,25 modrá | 4403,50 modrá;4410,50 OHLC;MAE/MFE: okno do konce grafu (22:43);2026-09-28
GUESSED;"697.png; 698.png";1;697;;2015-03-10;17:37;NQH5;0;4341,25;4343,25;8;4336,50;19;2,38;4355,75;58;4337,00;17;0;1;-45;4343,25;17:38;B;A;A;Ne;;;DOWN;zakreslená žlutá;hlavní;49,2;0,372;16:33 @ 4363,00;18:18 @ 4324,00;4339,25;12,48;4,00;;4359,75 černá | 4348,50 černá | 4342,00 černá;4342,00 S/R černá;MAE/MFE: okno do konce grafu (20:41);2026-09-28
GUESSED;"697.png; 698.png";2;;;2015-03-10;19:00;NQH5;1;4349,00;4346,75;9;4354,00;20;2,22;4348,75;1;4355,75;27;1;0;95;4354,00;19:06;B;A;A;Ano;;;UP;zakreslená žlutá;hlavní;23,1;0,137;17:34 @ 4336,75;20:41 @ 4362,25;4348,50;12,48;4,00;;4359,75 černá | 4348,50 černá | 4342,00 černá;4348,50 S/R černá;;2026-09-28
GUESSED;"701.png; 702.png";1;701;;2015-03-11;18:24;NQH5;0;4327,50;4329,00;6;4323,25;17;2,83;4327,75;1;4311,50;64;1;0;80;4323,25;18:31;A;B;A;Ne;;;DOWN;zakreslená žlutá;hlavní;17,9;0,067;15:08 @ 4342,25;19:50 @ 4323,50;4329,25;19,42;4,00;4334,75 | 4328,50;4342,25 modrá | 4323,25 černá;4328,50 OHLC;MAE/MFE: okno do konce grafu (19:50);2026-09-28
GUESSED;"718.png; 719.png";1;718;;2015-03-16;19:53;NQM5;1;4356,50;4355,00;6;4361,25;19;3,17;4356,00;2;4365,75;37;1;0;90;4361,25;20:00;B;A;B;Ano;;;UP;zakreslená žlutá;hlavní;33,4;0,138;18:18 @ 4343,50;21:18 @ 4368,50;4356,75;19,05;4,00;4341,75;4362,75 černá | 4355,00 černá | 4350,50 černá | 4344,00 černá;4355,00 S/R černá;;2026-09-28
GUESSED;"723.png; 724.png; 725.png";1;723;;2015-03-17;17:54;NQM5;1;4361,50;4360,25;5;4365,75;17;3,40;4361,25;1;4377,50;64;1;0;80;4365,75;18:08;B;C;A;Ano;;;UP;zakreslená žlutá;hlavní;38,1;0,184;17:06 @ 4351,50;19:02 @ 4372,75;4360,25;21,26;5,00;4365,75;4368,00 černá | 4361,25 modrá | 4353,00 modrá;4361,25 S/R modrá;MAE/MFE: okno do konce grafu (20:23);2026-09-28
GUESSED;"723.png; 724.png; 725.png";2;;;2015-03-17;19:54;NQM5;0;4368,00;4368,75;3;4365,75;9;3,00;4377,50;38;4368,00;0;0;1;-20;4368,75;19:55;B;B;A;Ne;;;DOWN;zakreslená žlutá;hlavní;23,4;0,102;19:03 @ 4373,00;20:24 @ 4364,75;4367,75;21,26;5,00;4365,75;4368,00 černá | 4361,25 modrá | 4353,00 modrá;4368,00 S/R černá;MAE/MFE: okno do konce grafu (20:23);2026-09-28
GUESSED;"726.png; 727.png; 729.png";1;726;;2015-03-18;17:03;NQM5;0;4355,25;4356,25;4;4352,25;12;3,00;4356,00;3;4341,50;55;1;0;55;4352,25;17:10;B;A;A;Ne;;;DOWN;zakreslená žlutá;hlavní;34,2;0,142;16:18 @ 4363,00;18:45 @ 4342,25;4356,75;23,95;5,00;4349,50 | 4341,75;4368,00 modrá | 4355,25 modrá | 4345,25 modrá;4355,25 S/R modrá;MAE/MFE: okno do konce grafu (18:39);2026-09-28
GUESSED;"731.png; 732.png";1;731;;2015-03-19;18:16;NQM5;0;4421,00;4422,25;5;4417,00;16;3,20;4428,75;31;4418,25;11;0;1;-30;4422,25;18:18;A;A;B;Ne;;;DOWN;zakreslená žlutá;hlavní;16,2;0,058;16:01 @ 4429,75;21:03 @ 4412,25;4422,00;19,93;4,00;4434,25 | 4422,25;4413,75 modrá;4422,25 OHLC;;2026-09-28
GUESSED;"731.png; 732.png";2;;;2015-03-19;19:54;NQM5;1;4423,00;4421,50;6;4428,00;20;3,33;4422,00;4;4429,25;25;1;0;95;4428,00;20:03;A;A;A;Ne;;;UP;zakreslená žlutá;hlavní;15,9;0,057;18:58 @ 4419,25;21:03 @ 4426,50;4422,50;19,93;4,00;4434,25 | 4422,25;4413,75 modrá;4422,25 OHLC;;2026-09-28
GUESSED;"734.png; 735.png; 736.png";1;734;;2015-03-23;17:07;NQM5;0;4449,75;4450,50;3;4446,50;13;4,33;4450,50;3;4445,75;16;0;1;-20;4450,50;17:09;A;C;A;Ne;;;DOWN;zakreslená žlutá;hlavní;28,9;0,072;16:14 @ 4454,25;18:44 @ 4443,25;4450,50;30,67;4,00;4449,50;4457,25 modrá | 4453,50 modrá | 4446,50 černá | 4443,75 černá;4449,50 OHLC;;2026-09-28
GUESSED;"734.png; 735.png; 736.png";2;;;2015-03-23;20:49;NQM5;0;4446,25;4447,00;3;4443,75;10;3,33;4446,50;1;4437,75;34;1;0;45;4443,75;20:52;B;C;A;Ano;;;DOWN;zakreslená žlutá;hlavní;49,6;0,153;19:45 @ 4457,00;21:16 @ 4443,00;4447,25;30,67;4,00;4449,50;4457,25 modrá | 4453,50 modrá | 4446,50 černá | 4443,75 černá;4446,50 S/R černá;MAE/MFE: okno do konce grafu (21:16);2026-09-28
GUESSED;"737.png; 739.png";1;737;;2015-03-24;19:10;NQM5;0;4439,00;4440,00;4;4435,00;16;4,00;4439,50;2;4427,25;47;1;0;75;4435,00;19:14;A;A;B;Ne;;;DOWN;zakreslená žlutá;hlavní;34,1;0,138;18:19 @ 4447,25;21:14 @ 4423,00;4440,25;19,56;4,00;4439,25 | 4434,75;4451,75 modrá | 4448,25 modrá | 4442,75 modrá;4439,25 OHLC;;2026-09-28
GUESSED;"740.png; 742.png; 744.png";1;740;;2015-03-25;19:51;NQM5;0;4350,25;4353,50;13;4343,75;26;2,00;4351,75;6;4323,00;109;1;0;125;4343,75;20:00;B;B;B;Ne;;;DOWN;zakreslená žlutá;hlavní;12,1;0,087;17:01 @ 4368,25;21:54 @ 4344,25;4353,50;9,93;4,00;;4360,00 černá | 4352,00 černá | 4343,75 černá;4352,00 S/R černá;MAE/MFE: okno do konce grafu (21:54);2026-09-28
GUESSED;"746.png; 747.png";1;746;;2015-03-26;17:22;NQM5;1;4312,00;4310,75;5;4317,00;20;4,00;4302,50;38;4318,50;26;0;1;-30;4310,75;17:23;B;A;A;Ne;;;UP;zakreslená žlutá;hlavní;40,5;0,304;16:15 @ 4291,00;18:48 @ 4337,50;4311,50;11,26;4,00;4326,75 | 4320,00;4311,25 černá | 4302,50 černá | 4294,25 černá;4311,25 S/R černá;;2026-09-28
GUESSED;"749.png; 751.png; 752.png";1;749;;2015-03-30;20:54;NQM5;1;4367,75;4366,25;6;4372,50;19;3,17;4367,50;1;4381,75;56;1;0;90;4372,50;21:01;B;C;A;Ne;;;UP;zakreslená žlutá;hlavní;16,5;0,052;17:18 @ 4355,50;22:14 @ 4370,75;4366,75;23,00;4,00;;4372,50 černá | 4367,00 černá | 4362,50 černá;4367,00 S/R černá;MAE/MFE: okno do konce grafu (22:14);2026-09-28
GUESSED;"753.png; 756.png; 757.png";1;753;;2015-03-31;19:10;NQM5;1;4358,75;4357,00;7;4364,25;22;3,14;4357,75;4;4364,50;23;1;0;105;4364,25;19:34;B;C;A;Ano;;;UP;zakreslená žlutá;hlavní;36,3;0,155;18:12 @ 4348,50;20:00 @ 4365,25;4357,50;19,03;4,00;4371,25;4364,25 modrá | 4357,50 modrá | 4351,25 černá;4357,50 S/R modrá;;2026-09-28
GUESSED;"753.png; 756.png; 757.png";2;;;2015-03-31;20:57;NQM5;0;4355,75;4357,75;8;4351,25;18;2,25;4358,25;10;4341,50;57;0;1;-45;4357,75;20:58;B;C;A;Ne;;;DOWN;zakreslená žlutá;hlavní;22,4;0,086;19:34 @ 4363,75;21:51 @ 4352,00;4356,50;19,03;4,00;4371,25;4364,25 modrá | 4357,50 modrá | 4351,25 černá;4357,50 S/R modrá;MAE/MFE: okno do konce grafu (21:15);2026-09-28
GUESSED;"758.png; 759.png; 761.png";1;758;;2015-04-01;19:21;NQM5;0;4291,75;4293,25;6;4287,00;19;3,17;4294,25;10;4289,25;10;0;1;-35;4293,25;19:27;B;A;A;Ne;;;DOWN;zakreslená žlutá;hlavní;23,2;0,098;17:16 @ 4305,50;22:03 @ 4277,25;4293,25;17,47;4,00;;4302,50 černá | 4292,75 černá;4292,75 S/R černá;;2026-09-28
GUESSED;"758.png; 759.png; 761.png";2;;;2015-04-01;19:37;NQM5;1;4293,25;4291,75;6;4298,00;19;3,17;4292,25;4;4304,25;44;1;0;90;4298,00;19:42;B;A;A;Ano;;;UP;zakreslená žlutá;hlavní;34,8;0,159;19:05 @ 4286,75;21:07 @ 4306,25;4291,75;17,47;4,00;;4302,50 černá | 4292,75 černá;4292,75 S/R černá;;2026-09-28
GUESSED;"763.png; 764.png";1;763;;2015-04-07;19:41;NQM5;0;4365,00;4366,25;5;4360,75;17;3,40;4365,75;3;4349,50;62;1;0;80;4360,75;19:48;B;C;A;Ne;;;DOWN;zakreslená žlutá;hlavní;15,6;0,054;18:10 @ 4370,25;21:26 @ 4359,50;4365,25;20,75;4,00;4354,75;4364,75 černá | 4360,75 černá | 4350,25 modrá;4364,75 S/R černá;MAE/MFE: okno do konce grafu (21:26);2026-09-28
GUESSED;"766.png; 767.png; 768.png";1;766;;2015-04-08;19:27;NQM5;0;4362,25;4364,00;7;4356,50;23;3,29;4364,00;7;4359,00;13;0;1;-40;4364,00;19:35;B;B;B;Ano;;;DOWN;zakreslená žlutá;hlavní;18,7;0,107;18:48 @ 4368,25;21:36 @ 4350,25;4364,00;12,63;4,00;4372,25 | 4339,75;4364,00 modrá | 4356,50 modrá | 4348,75 modrá;4364,00 S/R modrá;;2026-09-28
GUESSED;"766.png; 767.png; 768.png";2;;;2015-04-08;21:32;NQM5;1;4358,75;4356,50;9;4364,00;21;2,33;4357,25;6;4376,25;70;1;0;100;4364,00;21:41;B;C;B;Ne;;;UP;zakreslená žlutá;hlavní;25,3;0,150;20:10 @ 4345,00;22:42 @ 4365,50;4357,25;12,63;4,00;4372,25 | 4339,75;4364,00 modrá | 4356,50 modrá | 4348,75 modrá;4356,50 S/R modrá;MAE/MFE: okno do konce grafu (22:42);2026-09-28
GUESSED;769.png;1;769;;2015-04-09;20:02;NQM5;0;4378,00;4379,25;5;4374,50;14;2,80;4378,50;2;4372,75;21;1;0;65;4374,50;20:22;A;A;B;Ne;;;DOWN;zakreslená žlutá;hlavní;8,0;0,031;18:26 @ 4382,25;21:39 @ 4376,25;4379,25;18,10;4,00;4379,25;4370,75 modrá | 4362,75 modrá;4379,25 OHLC;;2026-09-28
GUESSED;"772.png; 773.png; 774.png";1;772;;2015-04-20;20:51;NQM5;1;4406,75;4405,25;6;4410,75;16;2,67;4405,50;5;4417,00;41;1;0;75;4410,75;21:04;B;A;B;Ne;;;UP;zakreslená žlutá;hlavní;9,3;0,026;18:49 @ 4401,75;21:44 @ 4406,25;4405,00;25,43;4,00;4417,50 | 4416,00;4405,25 modrá;4405,25 S/R modrá;MAE/MFE: okno do konce grafu (21:44);2026-09-28
GUESSED;"775.png; 776.png; 777.png";1;775;;2015-04-21;21:55;NQM5;0;4431,00;4432,75;7;4427,25;15;2,14;4432,00;4;4426,50;18;1;0;70;4427,25;21:59;C;B;A;Ne;;;DOWN;zakreslená červená;aktuální;28,7;0,102;21:09 @ 4435,50;22:52 @ 4426,50;4430,75;21,43;4,00;;4437,25 černá | 4431,50 černá | 4427,25 černá;4431,50 S/R černá;MAE/MFE: okno do konce grafu (22:52);2026-09-28
GUESSED;"778.png; 779.png; 780.png";1;778;;2015-04-22;18:11;NQM5;1;4435,00;4434,25;3;4440,75;23;7,67;4434,25;3;4454,00;76;0;1;-20;4434,25;18:12;B;A;A;Ne;;;UP;zakreslená žlutá;hlavní;14,8;0,059;16:58 @ 4430,50;20:58 @ 4444,75;4434,75;18,00;4,00;4442,75 | 4430,75;4435,00 černá | 4427,25 černá;4435,00 S/R černá;MAE/MFE: okno do konce grafu (20:58);2026-09-28
GUESSED;"781.png; 782.png";1;781;;2015-04-23;20:36;NQM5;1;4476,75;4475,75;4;4481,25;18;4,50;4476,25;2;4489,75;52;1;0;85;4481,25;21:02;B;B;B;Ne;;;UP;zakreslená žlutá;hlavní;28,2;0,083;19:38 @ 4471,75;21:58 @ 4483,50;4476,75;19,29;3,00;;4481,25 černá | 4476,00 černá | 4466,50 černá;4476,00 S/R černá;infobox IN 4476,75 nesedí s close vstupní svíčky 4479,25;2026-09-28
GUESSED;"784.png; 785.png";1;784;;2015-04-27;19:04;NQM5;0;4529,00;4529,75;3;4523,00;24;8,00;4530,75;7;4509,50;78;0;1;-20;4529,75;19:05;A;B;B;Ne;;;DOWN;zakreslená žlutá;hlavní;25,2;0,101;18:02 @ 4535,25;21:42 @ 4513,00;4529,00;18,66;4,00;4536,25 | 4529,75;4523,00 modrá | 4517,25 modrá | 4513,75 modrá;4529,75 OHLC;infobox OUT 4629,75 -> opraveno na 4529,75 (dle grafu);2026-09-28
GUESSED;"784.png; 785.png";2;;;2015-04-27;21:02;NQM5;0;4521,50;4523,00;6;4517,25;17;2,83;4521,50;0;4509,50;48;1;0;80;4517,25;21:07;B;B;B;Ne;;;DOWN;zakreslená žlutá;hlavní;15,8;0,061;19:04 @ 4530,50;22:38 @ 4518,50;4523,50;18,66;4,00;4536,25 | 4529,75;4523,00 modrá | 4517,25 modrá | 4513,75 modrá;4523,00 S/R modrá;;2026-09-28
GUESSED;"786.png; 787.png; 788.png";1;786;;2015-04-28;19:08;NQM5;1;4525,00;4524,25;3;4528,75;15;5,00;4525,00;0;4530,75;23;1;0;70;4528,75;19:20;A;A;B;Ne;;;UP;zakreslená žlutá;hlavní;36,1;0,174;17:11 @ 4504,00;20:17 @ 4536,25;4524,25;16,80;4,00;4533,00 | 4524,50 | 4509,25;4515,25 modrá;4524,50 OHLC;;2026-09-28
GUESSED;"786.png; 787.png; 788.png";2;;;2015-04-28;20:45;NQM5;0;4515,75;4517,00;5;4509,25;26;5,20;4517,00;5;4503,75;48;0;1;-30;4517,00;20:46;B;C;A;Ne;;;DOWN;zakreslená žlutá;hlavní;36,1;0,174;19:23 @ 4530,75;21:41 @ 4506,75;4516,50;16,80;4,00;4533,00 | 4524,50 | 4509,25;4515,25 modrá;4515,25 S/R modrá;MAE/MFE: okno do konce grafu (22:13);2026-09-28
GUESSED;"789.png; 790.png; 791.png";1;789;;2015-04-29;21:26;NQM5;1;4484,25;4482,75;6;4488,00;15;2,50;4483,25;4;4493,25;36;1;0;70;4488,00;21:35;B;B;B;Ne;;;UP;zakreslená žlutá;hlavní;28,2;0,158;18:40 @ 4456,50;22:16 @ 4490,75;4482,75;13,56;4,00;;4496,25 černá | 4488,00 černá | 4483,50 černá;4483,50 S/R černá;;2026-09-28
GUESSED;"792.png; 793.png";1;792;;2015-04-30;19:32;NQM5;0;4431,75;4434,00;9;4425,75;24;2,67;4433,00;5;4405,00;107;1;0;115;4425,75;19:38;C;A;B;Ne;;;DOWN;zakreslená červená;aktuální;27,6;0,180;18:23 @ 4444,25;22:01 @ 4405,00;4431,75;11,58;4,00;4456,25;4443,25 černá | 4434,00 černá | 4422,50 černá;4434,00 S/R černá;MAE/MFE: okno do konce grafu (22:14);2026-09-28
GUESSED;"797.png; 798.png; 799.png";1;797;;2015-05-18;19:45;NQM5;1;4507,50;4506,75;3;4509,50;8;2,67;4507,25;1;4517,75;41;1;0;35;4509,50;19:49;A;A;A;Ano;;;UP;zakreslená žlutá;hlavní;30,6;0,103;18:34 @ 4499,00;22:11 @ 4521,50;4506,25;22,93;4,00;4507,50;4514,75 černá | 4502,75 modrá | 4498,50 modrá;4507,50 OHLC;MAE/MFE: okno do konce grafu (22:11);2026-09-28
GUESSED;"800.png; 801.png; 802.png";1;800;;2015-05-19;18:05;NQM5;0;4508,25;4509,50;5;4504,25;16;3,20;4508,75;2;4503,50;19;1;0;75;4504,25;18:22;A;A;B;Ne;;;DOWN;zakreslená žlutá;hlavní;28,5;0,069;16:21 @ 4515,75;19:59 @ 4500,75;4508,50;31,46;4,00;4517,75 | 4509,50;4512,00 modrá | 4501,75 modrá;4509,50 OHLC;;2026-09-28
GUESSED;"800.png; 801.png; 802.png";2;;;2015-05-19;20:34;NQM5;1;4510,00;4509,25;3;4512,00;8;2,67;4500,75;37;4510,25;1;0;1;-20;4509,25;20:35;A;B;B;Ne;;;UP;zakreslená žlutá;hlavní;19,5;0,045;17:47 @ 4501,75;21:23 @ 4511,50;4509,25;31,46;4,00;4517,75 | 4509,50;4512,00 modrá | 4501,75 modrá;4509,50 OHLC;MAE/MFE: okno do konce grafu (21:19);2026-09-28
GUESSED;"803.png; 804.png; 805.png";1;803;;2015-05-20;21:07;NQM5;0;4522,75;4524,25;6;4519,50;13;2,17;4523,75;4;4501,25;86;1;0;60;4519,50;21:14;B;A;A;Ano;;;DOWN;zakreslená žlutá;hlavní;48,2;0,268;20:32 @ 4532,25;22:16 @ 4504,25;4522,75;16,67;4,00;4526,50 | 4509,75;4524,00 modrá | 4516,50 modrá | 4503,75 modrá;4524,00 S/R modrá;MAE/MFE: okno do konce grafu (22:16);2026-09-28
GUESSED;"806.png; 807.png";1;806;;2015-05-21;20:32;NQM5;1;4529,50;4528,25;5;4532,00;10;2,00;4529,00;2;4533,25;15;1;0;45;4532,00;20:36;B;C;A;Ano;;;UP;zakreslená žlutá;hlavní;60,3;0,217;19:58 @ 4520,75;21:29 @ 4540,50;4528,25;32,29;4,00;4534,00;4532,00 černá | 4529,25 černá | 4522,75 modrá;4529,25 S/R černá;;2026-09-28
GUESSED;"810.png; 811.png; 812.png";1;810;;2015-05-26;20:40;NQM5;0;4464,50;4465,75;5;4459,25;21;4,20;4465,00;2;4455,00;38;1;0;100;4459,25;20:49;B;A;A;Ne;;;DOWN;zakreslená žlutá;hlavní;20,9;0,087;18:25 @ 4478,00;23:11 @ 4454,75;4466,25;17,56;4,00;;4478,25 černá | 4472,25 černá | 4465,50 černá;4465,50 S/R černá;;2026-09-28
GUESSED;"815.png; 816.png";1;815;;2015-05-28;19:35;NQM5;0;4530,50;4531,50;4;4526,75;15;3,75;4534,50;16;4529,25;5;0;1;-25;4531,50;19:36;B;A;B;Ne;;;DOWN;zakreslená žlutá;hlavní;15,5;0,059;17:18 @ 4539,50;21:09 @ 4526,00;4531,50;19,01;4,00;4541,75;4538,50 modrá | 4530,75 modrá | 4518,50 modrá;4530,75 S/R modrá;;2026-09-28
GUESSED;"815.png; 816.png";2;;;2015-05-28;21:26;NQM5;1;4532,25;4530,75;6;4538,50;25;4,17;4531,50;3;4544,50;49;1;0;120;4538,50;22:07;B;B;B;Ne;;;UP;zakreslená žlutá;hlavní;8,8;0,033;17:16 @ 4523,00;22:18 @ 4532,75;4531,25;19,01;4,00;4541,75;4538,50 modrá | 4530,75 modrá | 4518,50 modrá;4530,75 S/R modrá;MAE/MFE: okno do konce grafu (22:18);2026-09-28
GUESSED;"818.png; 819.png; 820.png";1;818;;2015-06-01;19:23;NQM5;1;4527,25;4526,00;5;4532,00;19;3,80;4527,25;0;4535,75;34;1;0;90;4532,00;19:30;B;C;B;Ne;;;UP;zakreslená žlutá;hlavní;45,1;0,208;18:04 @ 4509,50;20:44 @ 4542,75;4525,75;19,31;4,00;4542,00 | 4512,75;4532,00 modrá | 4527,00 modrá;4527,00 S/R modrá;MAE/MFE: okno do konce grafu (21:11);2026-09-28
GUESSED;"821.png; 822.png; 823.png";1;821;;2015-06-02;19:50;NQM5;1;4526,00;4525,00;4;4531,75;23;5,75;4524,50;6;4530,00;16;0;1;-25;4525,00;20:10;A;A;A;Ne;;;UP;zakreslená žlutá;hlavní;33,1;0,175;18:25 @ 4511,75;21:08 @ 4540,25;4526,75;18,65;5,00;4538,25 | 4525,75 | 4514,00;4533,00 modrá;4525,75 OHLC;;2026-09-28
GUESSED;"824.png; 825.png";1;824;;2015-06-03;18:31;NQM5;0;4518,25;4519,25;4;4512,75;22;5,50;4519,75;6;4511,00;29;0;1;-25;4519,25;18:37;B;A;B;Ne;;;DOWN;zakreslená žlutá;hlavní;48,8;0,243;17:38 @ 4532,50;19:21 @ 4507,50;4519,75;18,80;4,00;4531,75 | 4525,75;4519,25 modrá | 4510,00 modrá;4519,25 S/R modrá;;2026-09-28
GUESSED;"824.png; 825.png";2;;;2015-06-03;19:45;NQM5;1;4518,75;4515,50;13;4525,75;28;2,15;4517,75;4;4527,50;35;1;0;135;4525,75;20:06;B;C;A;Ne;;;UP;zakreslená žlutá;hlavní;31,8;0,132;18:51 @ 4511,75;21:36 @ 4533,50;4519,00;18,80;4,00;4531,75 | 4525,75;4519,25 modrá | 4510,00 modrá;4519,25 S/R modrá;infobox OUT 4625,75 -> opraveno na 4525,75 (dle grafu);2026-09-28
GUESSED;"829.png; 830.png; 832.png";1;829;;2015-06-09;18:45;NQM5;1;4422,75;4421,00;7;4427,50;19;2,71;4422,00;3;4438,00;61;1;0;90;4427,50;18:56;A;C;B;Ne;;;UP;zakreslená žlutá;hlavní;43,7;0,232;17:46 @ 4407,25;20:20 @ 4443,25;4421,00;16,51;4,00;4436,75 | 4422,00;4427,50 černá;4422,00 OHLC;MAE/MFE: okno do konce grafu (20:20);2026-09-28
GUESSED;"833.png; 834.png; 835.png";1;833;;2015-06-10;20:34;NQM5;1;4493,50;4492,25;5;4497,25;15;3,00;4492,75;3;4497,75;17;1;0;70;4497,25;20:59;B;A;B;Ne;;;UP;zakreslená žlutá;hlavní;29,3;0,114;19:32 @ 4485,25;21:41 @ 4500,00;4492,50;19,70;4,00;;4492,75 černá | 4485,00 černá;4492,75 S/R černá;;2026-09-28
GUESSED;"833.png; 834.png; 835.png";2;;;2015-06-10;21:46;NQM5;0;4492,25;4493,75;6;4489,25;12;2,00;4494,00;7;4481,50;43;0;1;-35;4493,75;21:50;B;A;B;Ano;;;DOWN;zakreslená žlutá;hlavní;22,3;0,083;20:59 @ 4497,75;22:11 @ 4491,75;4493,75;19,70;4,00;;4492,75 černá | 4485,00 černá;4492,75 S/R černá;MAE/MFE: okno do konce grafu (22:11);2026-09-28
GUESSED;"836.png; 837.png";1;836;;2015-06-11;18:03;NQM5;0;4493,75;4495,75;8;4488,50;21;2,63;4495,25;6;4483,00;43;1;0;100;4488,50;18:23;B;C;A;Ano;;;DOWN;zakreslená žlutá;hlavní;37,5;0,091;17:15 @ 4499,25;19:52 @ 4485,00;4495,00;25,33;3,00;4498,25 | 4488,50;4494,25 modrá | 4485,75 modrá;4494,25 S/R modrá;Trh podle hlavičky grafu NQM5 (front-month dle data NQU5);2026-09-28
GUESSED;"836.png; 837.png";2;;;2015-06-11;21:12;NQM5;0;4494,50;4495,25;3;4491,75;11;3,67;4494,75;1;4485,75;35;1;0;50;4491,75;21:24;B;A;A;Ne;;;DOWN;zakreslená žlutá;hlavní;20,4;0,044;19:49 @ 4498,00;22:41 @ 4491,00;4494,25;25,33;3,00;4498,25 | 4488,50;4494,25 modrá | 4485,75 modrá;4494,25 S/R modrá;"Trh podle hlavičky grafu NQM5 (front-month dle data NQU5); MAE/MFE: okno do konce grafu (22:41)";2026-09-28
GUESSED;"839.png; 840.png; 841.png";1;839;;2015-06-15;19:05;NQU5;1;4421,75;4420,25;6;4425,00;13;2,17;4420,75;4;4426,00;17;1;0;60;4425,00;19:15;B;C;A;Ne;;;UP;zakreslená žlutá;hlavní;37,2;0,169;16:45 @ 4397,50;20:05 @ 4431,25;4421,25;17,97;4,00;;4425,00 černá | 4420,25 černá | 4403,75 černá;4420,25 S/R černá;;2026-09-28
GUESSED;"842.png; 843.png; 844.png";1;842;;2015-06-16;20:39;NQU5;1;4453,00;4452,25;3;4455,00;8;2,67;4452,00;4;4453,75;3;0;1;-20;4452,25;20:40;B;A;A;Ne;;;UP;zakreslená žlutá;hlavní;33,2;0,123;18:37 @ 4437,50;21:36 @ 4459,50;4452,50;21,32;4,00;;4452,50 černá | 4446,00 černá;4452,50 S/R černá;;2026-09-28
GUESSED;"842.png; 843.png; 844.png";2;;;2015-06-16;21:46;NQU5;0;4451,25;4453,00;7;4446,00;21;3,00;4451,75;2;4445,75;22;1;0;100;4446,00;21:52;B;C;B;Ne;;;DOWN;zakreslená žlutá;hlavní;10,2;0,034;20:11 @ 4456,25;22:51 @ 4451,50;4453,00;21,32;4,00;;4452,50 černá | 4446,00 černá;4452,50 S/R černá;;2026-09-28
GUESSED;"845.png; 846.png; 847.png";1;845;;2015-06-17;18:29;NQU5;0;4445,50;4447,25;7;4441,50;16;2,29;4446,50;4;4431,25;57;1;0;75;4441,50;18:44;B;A;B;Ano;;;DOWN;zakreslená žlutá;hlavní;39,7;0,198;17:00 @ 4464,50;19:39 @ 4433,00;4446,75;16,76;4,00;4456,50 | 4452,25;4463,25 černá | 4446,75 modrá | 4435,75 modrá;4446,75 S/R modrá;;2026-09-28
GUESSED;"848.png; 849.png";1;848;;2015-06-18;21:39;NQU5;1;4525,75;4525,00;3;4528,00;9;3,00;4525,50;1;4528,50;11;1;0;40;4528,00;21:41;B;B;B;Ne;;;UP;zakreslená žlutá;hlavní;31,7;0,088;19:54 @ 4516,50;22:18 @ 4529,25;4525,75;28,23;4,00;;4532,00 černá | 4528,00 černá | 4525,00 černá;4525,00 S/R černá;;2026-09-28
GUESSED;"851.png; 852.png; 853.png";1;851;;2015-06-22;19:22;NQU5;0;4534,00;4535,25;5;4530,00;16;3,20;4534,50;2;4527,75;25;1;0;75;4530,00;19:29;B;C;B;Ne;;;DOWN;zakreslená žlutá;hlavní;40,6;0,148;17:31 @ 4551,75;20:14 @ 4527,50;4535,25;23,12;4,00;4539,75 | 4530,00;4543,50 černá | 4534,75 modrá;4534,75 S/R modrá;;2026-09-28
GUESSED;"851.png; 852.png; 853.png";2;;;2015-06-22;21:36;NQU5;1;4540,00;4539,25;3;4543,50;14;4,67;4529,25;43;4540,50;2;0;1;-20;4539,25;21:37;A;C;B;Ne;;;UP;zakreslená žlutá;hlavní;27,4;0,089;19:31 @ 4528,00;22:37 @ 4543,25;4539,25;23,12;4,00;4539,75 | 4530,00;4543,50 černá | 4534,75 modrá;4539,75 OHLC;MAE/MFE: okno do konce grafu (22:37);2026-09-28
GUESSED;"856.png; 857.png";1;856;;2015-06-23;21:11;NQU5;1;4537,75;4536,50;5;4540,25;10;2,00;4537,50;1;4545,75;32;1;0;45;4540,25;21:21;A;B;B;Ne;;;UP;odhad (TL nezakreslena);hlavní;44,1;0,114;20:32 @ 4533,50;21:07 @ 4537,50;4538,00;33,96;4,00;4538,00;4543,75 modrá | 4540,25 modrá | 4534,00 modrá;4538,00 OHLC;MAE/MFE: okno do konce grafu (22:51);2026-09-28
GUESSED;"856.png; 857.png";2;;;2015-06-23;22:01;NQU5;1;4541,00;4540,25;3;4543,75;11;3,67;4538,50;10;4545,75;19;0;1;-20;4540,25;22:02;B;C;B;Ne;;;UP;odhad (TL nezakreslena);hlavní;5,8;0,012;21:30 @ 4541,00;21:51 @ 4541,25;4541,25;33,96;4,00;4538,00;4543,75 modrá | 4540,25 modrá | 4534,00 modrá;4540,25 S/R modrá;"infobox OUT 4640,25 -> opraveno na 4540,25 (dle grafu); MAE/MFE: okno do konce grafu (22:51)";2026-09-28
GUESSED;"858.png; 859.png; 860.png";1;858;;2015-06-24;18:37;NQU5;0;4534,50;4536,25;7;4530,75;15;2,14;4534,75;1;4526,50;32;1;0;70;4530,75;18:46;B;B;A;Ne;;;DOWN;zakreslená žlutá;hlavní;41,5;0,155;16:48 @ 4553,00;19:39 @ 4526,50;4536,00;22,76;4,00;4548,75 | 4543,50 | 4538,75;4541,50 modrá | 4535,50 modrá | 4530,75 modrá;4535,50 S/R modrá;MAE/MFE: okno do konce grafu (21:26);2026-09-28
GUESSED;"863.png; 864.png; 865.png";1;863;;2015-06-29;19:34;NQU5;0;4411,50;4413,50;8;4403,25;33;4,13;4412,25;3;4395,25;65;1;0;160;4403,25;19:52;B;A;B;Ne;;;DOWN;zakreslená žlutá;hlavní;24,8;0,165;16:11 @ 4446,75;21:12 @ 4397,25;4413,50;11,22;4,00;;4433,00 černá | 4419,50 černá | 4411,00 černá;4411,00 S/R černá;MAE/MFE: okno do konce grafu (20:49);2026-09-28
GUESSED;"866.png; 867.png; 868.png";1;866;;2015-06-30;18:58;NQU5;0;4379,25;4380,75;6;4374,25;20;3,33;4385,25;24;4376,00;13;0;1;-35;4380,75;18:59;A;C;A;Ne;;;DOWN;zakreslená žlutá;hlavní;31,3;0,185;17:27 @ 4397,50;19:38 @ 4373,25;4380,75;13,13;4,00;4380,50;4412,75 modrá | 4406,75 černá | 4398,00 černá | 4390,75 černá | 4374,25 modrá;4380,50 OHLC;;2026-09-28
GUESSED;"866.png; 867.png; 868.png";2;;;2015-06-30;20:55;NQU5;0;4396,75;4398,50;7;4390,75;24;3,43;4398,00;5;4385,75;44;1;0;115;4390,75;21:03;B;C;A;Ano;;;DOWN;zakreslená žlutá;hlavní;44,1;0,295;20:13 @ 4411,75;21:44 @ 4384,75;4399,25;13,13;4,00;4380,50;4412,75 modrá | 4406,75 černá | 4398,00 černá | 4390,75 černá | 4374,25 modrá;4398,00 S/R černá;;2026-09-28
GUESSED;"870.png; 869.png; 871.png";1;870;;2015-07-01;17:32;NQU5;0;4422,50;4425,00;10;4417,25;21;2,10;4423,75;5;4399,75;91;1;0;100;4417,25;17:39;B;A;A;Ne;;;DOWN;odhad (TL nezakreslena);hlavní;36,8;0,167;16:02 @ 4438,50;17:23 @ 4425,00;4423,50;13,47;3,00;4412,25;4441,50 černá | 4424,25 černá | 4402,75 modrá;4424,25 S/R černá;;2026-09-28
GUESSED;"870.png; 869.png; 871.png";2;;;2015-07-01;21:41;NQU5;1;4412,75;4411,25;6;4417,75;20;3,33;4410,75;8;4424,75;48;0;1;-35;4411,25;21:42;A;A;A;Ne;;;UP;odhad (TL nezakreslena);hlavní;30,1;0,129;20:03 @ 4399,75;20:34 @ 4403,75;4412,50;13,47;3,00;4412,25;4441,50 černá | 4424,25 černá | 4402,75 modrá;4412,25 OHLC;MAE/MFE: okno do konce grafu (22:46);2026-09-28
GUESSED;"872.png; 873.png";1;872;;2015-07-02;18:59;NQU5;0;4413,75;4414,50;3;4411,00;11;3,67;4413,75;0;4408,50;21;1;0;50;4411,00;19:01;B;A;A;Ne;;;DOWN;zakreslená žlutá;hlavní;27,3;0,089;16:58 @ 4424,50;20:32 @ 4405,50;4413,75;23,31;4,00;4424,00;4431,00 modrá | 4420,00 modrá | 4414,00 modrá;4414,00 S/R modrá;;2026-09-28
GUESSED;"872.png; 873.png";2;;;2015-07-02;20:54;NQU5;1;4414,00;4413,25;3;4417,00;12;4,00;4414,00;0;4430,00;64;1;0;55;4417,00;20:58;B;A;A;Ne;;;UP;zakreslená žlutá;hlavní;16,5;0,051;19:15 @ 4408,25;22:00 @ 4416,75;4413,25;23,31;4,00;4424,00;4431,00 modrá | 4420,00 modrá | 4414,00 modrá;4414,00 S/R modrá;MAE/MFE: okno do konce grafu (22:00);2026-09-28
GUESSED;"876.png; 877.png; 878.png";1;876;;2015-07-27;21:23;NQU5;0;4515,00;4516,50;6;4509,25;23;3,83;4515,25;1;4503,50;46;1;0;110;4509,25;21:28;B;B;A;Ne;;;DOWN;zakreslená žlutá;hlavní;26,6;0,096;20:21 @ 4522,00;22:41 @ 4510,00;4516,00;15,60;3,00;;4534,00 černá | 4527,25 černá | 4516,00 černá | 4509,25 černá;4516,00 S/R černá;;2026-09-28
GUESSED;"879.png; 880.png; 881.png";1;879;;2015-07-28;18:10;NQU5;1;4530,75;4529,50;5;4539,00;33;6,60;4530,75;0;4550,00;77;1;0;160;4539,00;18:18;B;C;B;Ano;;;UP;zakreslená žlutá;hlavní;43,9;0,352;16:34 @ 4499,75;19:08 @ 4554,00;4533,50;10,94;4,00;4519,25 | 4503,50;4539,00 modrá | 4529,50 modrá | 4510,50 modrá;;MAE/MFE: okno do konce grafu (19:55);2026-09-28
GUESSED;"882.png; 883.png; 884.png";1;882;;2015-07-29;17:31;NQU5;1;4559,00;4556,25;11;4566,25;29;2,64;4558,50;2;4567,25;33;1;0;140;4566,25;17:42;B;A;A;Ne;;;UP;zakreslená žlutá;hlavní;34,0;0,159;16:05 @ 4545,75;18:59 @ 4573,50;4559,50;16,92;4,00;4561,25 | 4559,50;4552,50 modrá;4559,50 OHLC;;2026-09-28
GUESSED;"882.png; 883.png; 884.png";2;;;2015-07-29;18:40;NQU5;0;4560,25;4562,25;8;4556,25;16;2,00;4562,75;10;4557,25;12;0;1;-45;4562,25;18:52;B;A;A;Ne;;;DOWN;zakreslená žlutá;hlavní;19,9;0,086;17:42 @ 4566,75;19:57 @ 4555,25;4561,75;16,92;4,00;4561,25 | 4559,50;4552,50 modrá;4561,25 OHLC;;2026-09-28
GUESSED;"885.png; 886.png";1;885;;2015-07-30;21:47;NQU5;0;4596,50;4597,75;5;4592,75;15;3,00;4597,00;2;4588,50;32;1;0;70;4592,75;21:57;B;B;A;Ne;;;DOWN;zakreslená žlutá;hlavní;37,2;0,172;21:33 @ 4598,75;22:36 @ 4590,50;4596,25;17,73;4,00;4579,50;4597,25 černá | 4592,75 černá | 4588,00 černá;4597,25 S/R černá;MAE/MFE: okno do konce grafu (22:36);2026-09-28
GUESSED;"888.png; 889.png; 890.png";1;888;;2015-08-03;18:11;NQU5;0;4587,75;4589,25;6;4583,25;18;3,00;4588,50;3;4569,25;74;1;0;85;4583,25;18:17;A;C;B;Ano;;;DOWN;zakreslená žlutá;hlavní;35,8;0,204;17:33 @ 4596,00;19:29 @ 4572,25;4588,25;17,65;5,00;4589,25 | 4583,25 | 4576,25;4596,25 modrá;4589,25 OHLC;MAE/MFE: okno do konce grafu (18:45);2026-09-28
GUESSED;"891.png; 892.png; 893.png";1;891;;2015-08-04;20:18;NQU5;0;4552,25;4554,00;7;4540,25;48;6,86;4573,50;85;4551,25;4;0;1;-40;4554,00;20:19;B;C;B;Ne;;;DOWN;zakreslená žlutá;hlavní;55,9;0,489;19:33 @ 4575,00;20:50 @ 4537,00;4553,00;12,05;4,00;4583,25 | 4573,75 | 4540,25;4564,50 modrá | 4554,00 modrá;4554,00 S/R modrá;MAE/MFE: okno do konce grafu (22:47);2026-09-28
GUESSED;"891.png; 892.png; 893.png";2;;;2015-08-04;20:56;NQU5;1;4566,00;4564,50;6;4572,50;26;4,33;4565,50;2;4573,50;30;1;0;125;4572,50;21:00;B;A;B;Ano;;;UP;zakreslená žlutá;hlavní;52,3;0,430;20:15 @ 4546,75;21:20 @ 4574,75;4564,25;12,05;4,00;4583,25 | 4573,75 | 4540,25;4564,50 modrá | 4554,00 modrá;4564,50 S/R modrá;;2026-09-28
GUESSED;"894.png; 895.png; 896.png";1;894;;2015-08-05;19:44;NQU5;0;4600,00;4601,75;7;4595,25;19;2,71;4601,25;5;4590,25;39;1;0;90;4595,25;19:50;B;C;B;Ne;;;DOWN;zakreslená žlutá;hlavní;31,1;0,193;17:30 @ 4627,75;21:08 @ 4585,75;4602,00;12,50;4,00;;4615,50 černá | 4608,25 černá | 4601,75 černá | 4595,25 černá;4601,75 S/R černá;;2026-09-28
GUESSED;"894.png; 895.png; 896.png";2;;;2015-08-05;21:03;NQU5;1;4602,75;4600,00;11;4608,25;22;2,00;4601,25;6;4609,25;26;1;0;105;4608,25;21:10;B;B;A;Ne;;;UP;zakreslená žlutá;hlavní;25,1;0,150;19:53 @ 4590,50;22:10 @ 4611,25;4601,00;12,50;4,00;;4615,50 černá | 4608,25 černá | 4601,75 černá | 4595,25 černá;4601,75 S/R černá;;2026-09-28
GUESSED;"897.png; 898.png";1;897;;2015-08-06;19:53;NQU5;1;4522,25;4521,25;4;4526,75;18;4,50;4521,25;4;4524,25;8;0;1;-25;4521,25;19:57;B;B;A;Ne;;;UP;zakreslená žlutá;hlavní;39,2;0,247;18:49 @ 4505,00;20:44 @ 4533,75;4521,00;13,19;4,00;;4526,75 černá | 4521,50 černá | 4512,50 černá | 4505,00 černá;4521,50 S/R černá;"pozice šipky nesouhlasí s Position v infoboxu; Position v infoboxu (Short) nesouhlasí s IN/OUT/P/L ani se šipkou -> směr Long";2026-09-28
GUESSED;"897.png; 898.png";2;;;2015-08-06;21:18;NQU5;0;4520,25;4522,25;8;4512,50;31;3,88;4521,00;3;4511,50;35;1;0;150;4512,50;21:30;B;C;A;Ano;;;DOWN;zakreslená žlutá;hlavní;42,9;0,282;20:48 @ 4528,75;21:59 @ 4508,75;4520,25;13,19;4,00;;4526,75 černá | 4521,50 černá | 4512,50 černá | 4505,00 černá;4521,50 S/R černá;"pozice šipky nesouhlasí s Position v infoboxu; Position v infoboxu (Long) nesouhlasí s IN/OUT/P/L ani se šipkou -> směr Short";2026-09-28
GUESSED;"900.png; 901.png; 902.png";1;900;;2015-08-10;21:22;NQU5;0;4570,25;4572,75;10;4564,75;22;2,15;4570,50;1;4563,50;27;1;0;105;4564,75;21:39;B;C;A;Ne;;;DOWN;zakreslená žlutá;hlavní;30,7;0,136;20:18 @ 4580,25;22:08 @ 4565,25;4571,50;17,39;4,00;;4571,00 černá | 4564,75 černá | 4559,00 černá;4571,00 S/R černá;RRR 2.15 vs PT/SL 22/10=2.20;2026-09-28
GUESSED;"903.png; 904.png; 905.png";1;903;;2015-08-11;19:46;NQU5;0;4497,00;4499,75;11;4490,75;25;2,27;4498,00;4;4485,50;46;1;0;120;4490,75;19:56;B;C;B;Ne;;;DOWN;zakreslená žlutá;hlavní;41,1;0,273;18:35 @ 4519,00;20:39 @ 4485,25;4499,75;12,77;4,00;4514,00 | 4512,75;4520,00 černá | 4509,00 černá | 4499,25 černá | 4490,75 černá;4499,25 S/R černá;OUT v infoboxu 4499,75 nesouhlasí se směrem a P/L -> OUT dopočten z P/L = 4490,75;2026-09-28
GUESSED;"907.png; 908.png";1;907;;2015-08-12;19:32;NQU5;1;4487,75;4485,50;9;4497,75;40;4,44;4485,50;9;4535,75;192;0;1;-50;4485,50;19:38;B;A;B;Ano;;;UP;zakreslená žlutá;hlavní;43,4;0,540;18:27 @ 4454,50;21:11 @ 4543,00;4489,50;7,00;4,00;4515,00 | 4485,50;4501,00 modrá | 4489,00 modrá | 4480,00 černá;4489,00 S/R modrá;MAE/MFE: okno do konce grafu (21:51);2026-09-28
GUESSED;"907.png; 908.png";2;;;2015-08-12;20:33;NQU5;1;4505,25;4501,00;17;4515,00;39;2,29;4502,50;11;4535,75;122;1;0;190;4515,00;20:39;B;B;A;Ne;;;UP;zakreslená žlutá;hlavní;26,7;0,287;18:50 @ 4473,25;21:51 @ 4525,50;4503,00;7,00;4,00;4515,00 | 4485,50;4501,00 modrá | 4489,00 modrá | 4480,00 černá;4501,00 S/R modrá;MAE/MFE: okno do konce grafu (21:51);2026-09-28
GUESSED;"910.png; 911.png";1;910;;2015-08-13;18:42;NQU5;1;4541,50;4540,00;6;4549,75;33;5,50;4540,75;3;4553,25;47;1;0;160;4549,75;19:05;B;A;A;Ne;;;UP;zakreslená žlutá;hlavní;41,4;0,264;17:30 @ 4524,75;19:56 @ 4563,25;4543,75;13,38;4,00;4535,50 | 4532,50;4549,75 černá | 4541,00 černá | 4525,50 modrá;4541,00 S/R černá;;2026-09-28
GUESSED;"913.png; 914.png; 915.png";1;913;;2015-08-17;19:59;NQU5;1;4558,25;4557,00;5;4561,50;13;2,60;4558,00;1;4563,50;21;1;0;60;4561,50;20:05;B;C;A;Ne;;;UP;zakreslená žlutá;hlavní;37,7;0,156;18:09 @ 4539,50;21:09 @ 4567,50;4556,75;19,81;4,00;;4561,50 černá | 4557,00 černá | 4544,75 černá;4557,00 S/R černá;;2026-09-28
GUESSED;"916.png; 917.png";1;916;;2015-08-18;19:40;NQU5;0;4545,75;4547,00;5;4542,50;13;2,60;4546,25;2;4535,25;42;1;0;60;4542,50;19:47;B;C;B;Ne;;;DOWN;zakreslená žlutá;hlavní;23,5;0,102;17:21 @ 4561,00;20:37 @ 4541,00;4547,00;17,06;4,00;4567,75 | 4562,25;4546,25 modrá | 4542,50 černá;4546,25 S/R modrá;;2026-09-28
GUESSED;"919.png; 920.png; 921.png";1;919;;2015-08-25;17:54;NQU5;1;4183,75;4180,50;13;4196,25;50;3,85;4180,50;13;4187,25;14;0;1;-70;4180,50;17:55;A;B;B;Ne;;;UP;zakreslená žlutá;hlavní;35,2;0,402;16:36 @ 4149,00;19:31 @ 4219,25;4180,50;7,03;4,00;4196,25 | 4184,00;4166,50 černá | 4150,00 modrá;;;2026-09-28
GUESSED;"919.png; 920.png; 921.png";2;;;2015-08-25;18:42;NQU5;0;4184,00;4189,00;20;4166,50;70;3,50;4188,25;17;4142,50;166;1;0;345;4166,50;19:01;A;C;A;Ne;;;DOWN;zakreslená žlutá;hlavní;21,4;0,223;17:22 @ 4202,75;20:08 @ 4166,00;4185,00;7,03;4,00;4196,25 | 4184,00;4166,50 černá | 4150,00 modrá;4184,00 OHLC;MAE/MFE: okno do konce grafu (20:02);2026-09-28
GUESSED;"922.png; 923.png; 924.png";1;922;;2015-08-26;18:18;NQU5;0;4085,25;4092,75;30;4063,25;88;2,93;4090,50;21;4048,25;148;1;0;435;4063,25;18:30;B;C;A;Ne;;;DOWN;zakreslená žlutá;hlavní;25,5;0,362;15:32 @ 4146,25;20:03 @ 4048,50;4086,25;5,27;4,00;;4138,75 modrá | 4126,50 modrá | 4108,50 modrá | 4084,00 černá | 4063,25 černá;4084,00 S/R černá;;2026-09-28
GUESSED;"925.png; 926.png; 927.png";1;925;;2015-08-27;19:56;NQU5;0;4310,25;4313,50;13;4298,75;46;3,54;4315,50;21;4254,00;225;0;1;-70;4313,50;19:59;B;C;A;Ano;;;DOWN;zakreslená žlutá;hlavní;28,9;0,410;19:15 @ 4326,75;22:11 @ 4254,75;4309,75;6,74;5,00;;4311,75 černá | 4299,00 černá | 4287,00 černá | 4269,00 černá;4311,75 S/R černá;;2026-09-28
GUESSED;"925.png; 926.png; 927.png";2;;;2015-08-27;20:46;NQU5;0;4286,50;4289,25;11;4269,00;70;6,36;4287,50;4;4254,00;130;1;0;345;4269,00;20:49;B;C;B;Ne;;;DOWN;zakreslená žlutá;hlavní;28,9;0,410;19:15 @ 4326,75;22:11 @ 4254,75;4289,25;6,74;5,00;;4311,75 černá | 4299,00 černá | 4287,00 černá | 4269,00 černá;4287,00 S/R černá;;2026-09-28
GUESSED;"930.png; 931.png";1;930;;2015-09-08;17:48;NQU5;1;4262,25;4260,00;9;4267,00;19;2,09;4250,75;46;4274,50;49;0;1;-50;4260,00;17:51;B;A;B;Ne;;;UP;zakreslená žlutá;hlavní;23,2;0,138;16:45 @ 4251,25;19:59 @ 4278,00;4260,00;12,43;4,00;;4275,50 černá | 4269,00 černá | 4260,00 černá;4260,00 S/R černá;RRR 2.09 vs PT/SL 19/9=2.11;2026-09-28
GUESSED;"930.png; 931.png";2;;;2015-09-08;18:49;NQU5;0;4266,75;4269,75;12;4260,00;27;2,25;4268,25;6;4245,00;87;1;0;130;4260,00;18:56;B;C;A;Ano;;;DOWN;zakreslená žlutá;hlavní;37,6;0,248;18:30 @ 4272,75;20:22 @ 4245,00;4268,00;12,43;4,00;;4275,50 černá | 4269,00 černá | 4260,00 černá;4269,00 S/R černá;;2026-09-28
GUESSED;"933.png; 934.png; 935.png";1;933;;2015-09-09;20:25;NQU5;0;4298,25;4301,50;13;4287,25;44;3,38;4299,25;4;4274,50;95;1;0;215;4287,25;20:28;A;A;B;Ne;;;DOWN;zakreslená žlutá;hlavní;41,8;0,477;19:19 @ 4333,25;21:22 @ 4274,50;4301,75;7,50;4,00;4305,50 | 4301,50;4348,75 černá | 4344,50 černá | 4333,25 černá | 4326,25 černá;4301,50 OHLC;"pozice šipky nesouhlasí s Position v infoboxu; Position v infoboxu (Long) nesouhlasí s IN/OUT/P/L ani se šipkou -> směr Short; MAE/MFE: okno do konce grafu (21:30)";2026-09-28
GUESSED;"936.png; 937.png";1;936;;2015-09-10;20:20;NQU5;1;4302,75;4299,50;13;4311,50;35;2,69;4300,75;8;4314,00;45;1;0;170;4311,50;20:30;A;B;B;Ne;;;UP;zakreslená žlutá;hlavní;18,4;0,162;17:22 @ 4270,75;22:15 @ 4318,25;4299,50;8,22;4,00;4300,50;4326,00 modrá | 4311,50 modrá | 4280,00 modrá;4300,50 OHLC;Trh podle hlavičky grafu NQU5 (front-month dle data NQZ5);2026-09-28
GUESSED;"941.png; 942.png; 943.png";1;941;;2015-09-15;20:22;NQZ5;1;4347,50;4345,00;10;4356,50;36;3,60;4347,00;2;4364,00;66;1;0;175;4356,50;20:41;A;A;A;Ne;;;UP;zakreslená žlutá;hlavní;28,8;0,199;18:12 @ 4323,00;22:40 @ 4373,50;4349,00;11,05;4,00;4346,50;4327,25 modrá;4346,50 OHLC;MAE/MFE: okno do konce grafu (22:40);2026-09-28
GUESSED;"944.png; 945.png; 946.png";1;944;;2015-09-16;19:01;NQZ5;1;4364,75;4363,00;7;4370,75;24;3,43;4347,25;70;4377,75;52;0;1;-40;4363,00;19:16;A;A;A;Ne;;;UP;zakreslená žlutá;hlavní;23,2;0,125;17:51 @ 4355,25;19:39 @ 4368,75;4364,00;13,75;4,00;4364,00 | 4353,25;4371,25 černá | 4345,25 černá;4364,00 OHLC;MAE/MFE: okno do konce grafu (21:51);2026-09-28
GUESSED;"944.png; 945.png; 946.png";2;;;2015-09-16;20:04;NQZ5;0;4362,75;4364,75;8;4353,25;38;4,75;4363,25;2;4347,25;62;1;0;185;4353,25;20:16;A;C;A;Ne;;;DOWN;zakreslená žlutá;hlavní;18,0;0,094;18:40 @ 4371,50;21:51 @ 4353,50;4363,75;13,75;4,00;4364,00 | 4353,25;4371,25 černá | 4345,25 černá;4364,00 OHLC;;2026-09-28
GUESSED;"947.png; 948.png";1;947;;2015-09-17;17:58;NQZ5;0;4377,75;4378,75;4;4374,00;15;3,75;4378,25;2;4373,75;16;1;0;70;4374,00;18:05;A;C;B;Ne;;;DOWN;zakreslená žlutá;hlavní;26,8;0,119;17:17 @ 4383,00;19:02 @ 4370,50;4378,25;16,96;4,00;4382,25 | 4378,75;4374,00 modrá | 4367,75 modrá;4378,75 OHLC;;2026-09-28
GUESSED;"950.png; 951.png; 952.png";1;950;;2015-09-21;18:41;NQZ5;0;4310,75;4312,50;7;4302,50;33;4,71;4312,00;5;4286,50;97;1;0;160;4302,50;18:50;B;A;B;Ne;;;DOWN;zakreslená žlutá;hlavní;32,6;0,469;17:43 @ 4339,50;19:36 @ 4286,50;4312,25;6,80;5,00;4371,00 | 4324,75 | 4299,50;4362,00 modrá | 4345,00 modrá | 4312,25 modrá;4312,25 S/R modrá;;2026-09-28
GUESSED;"950.png; 951.png; 952.png";2;;;2015-09-21;20:24;NQZ5;0;4311,75;4313,50;7;4299,50;49;7,00;4313,50;7;4308,25;14;0;1;-40;4313,50;20:25;B;C;A;Ne;;;DOWN;zakreslená žlutá;hlavní;21,9;0,296;19:44 @ 4322,50;21:27 @ 4292,25;4310,75;6,80;5,00;4371,00 | 4324,75 | 4299,50;4362,00 modrá | 4345,00 modrá | 4312,25 modrá;4312,25 S/R modrá;;2026-09-28
GUESSED;"953.png; 954.png; 955.png";1;953;;2015-09-22;19:10;NQZ5;0;4233,75;4237,25;14;4223,75;40;2,86;4235,75;8;4220,75;52;1;0;195;4223,75;19:27;B;C;A;Ne;;;DOWN;zakreslená žlutá;hlavní;23,5;0,178;16:57 @ 4260,25;21:12 @ 4215,00;4236,50;9,80;4,00;;4271,75 černá | 4255,75 černá | 4247,25 černá | 4235,25 černá;4235,25 S/R černá;;2026-09-28
GUESSED;"953.png; 954.png; 955.png";2;;;2015-09-22;20:56;NQZ5;1;4237,00;4234,00;12;4244,75;31;2,58;4236,25;3;4268,50;126;1;0;150;4244,75;20:58;B;A;A;Ne;;;UP;zakreslená žlutá;hlavní;20,3;0,151;19:30 @ 4221,00;21:59 @ 4243,75;4234,00;9,80;4,00;;4271,75 černá | 4255,75 černá | 4247,25 černá | 4235,25 černá;4235,25 S/R černá;MAE/MFE: okno do konce grafu (21:59);2026-09-28
GUESSED;"956.png; 957.png; 958.png";1;956;;2015-09-23;21:17;NQZ5;0;4261,00;4262,50;6;4255,75;21;3,50;4265,75;19;4257,50;14;0;1;-35;4262,50;21:19;A;B;B;Ne;;;DOWN;zakreslená žlutá;hlavní;34,3;0,260;20:13 @ 4279,00;22:15 @ 4247,25;4262,50;13,11;5,00;4262,50;4271,75 modrá | 4255,75 modrá;4262,50 OHLC;;2026-09-28
GUESSED;"956.png; 957.png; 958.png";2;;;2015-09-23;21:38;NQZ5;1;4262,25;4260,75;6;4271,75;38;6,33;4262,00;1;4272,50;41;1;0;185;4271,75;21:50;A;C;B;Ne;;;UP;zakreslená žlutá;hlavní;31,2;0,231;21:15 @ 4255,25;22:44 @ 4272,25;4260,50;13,11;5,00;4262,50;4271,75 modrá | 4255,75 modrá;4262,50 OHLC;;2026-09-28
GUESSED;"959.png; 960.png";1;959;;2015-09-24;19:34;NQZ5;0;4205,25;4207,25;8;4200,25;20;2,50;4205,25;0;4200,50;19;1;0;95;4200,25;;B;B;B;Ne;;;DOWN;zakreslená žlutá;hlavní;32,4;0,292;18:34 @ 4224,00;20:39 @ 4187,50;4206,50;8,70;4,00;4221,50;4243,00 modrá | 4231,50 modrá | 4207,25 černá | 4200,25 černá;4207,25 S/R černá;;2026-09-28
GUESSED;"968.png; 969.png; 970.png";1;968;;2015-10-05;18:57;NQZ5;1;4296,75;4294,50;9;4304,50;31;3,44;4295,50;5;4318,75;88;1;0;150;4304,50;19:11;B;A;A;Ne;;;UP;zakreslená žlutá;hlavní;16,9;0,076;15:45 @ 4280,25;20:10 @ 4300,50;4294,75;16,06;4,00;;4316,25 černá | 4305,75 černá | 4296,00 černá | 4291,00 černá;4296,00 S/R černá;MAE/MFE: okno do konce grafu (20:10);2026-09-28
GUESSED;"973.png; 974.png; 975.png";1;973;;2015-10-06;20:09;NQZ5;1;4283,50;4281,75;7;4293,25;39;5,57;4283,25;1;4304,75;85;1;0;190;4293,25;20:12;B;B;A;Ne;;;UP;zakreslená žlutá;hlavní;33,3;0,255;18:40 @ 4263,25;22:41 @ 4321,00;4286,00;10,30;4,00;4313,00;4320,00 modrá | 4300,25 modrá | 4293,25 modrá | 4285,25 modrá;4285,25 S/R modrá;;2026-09-28
GUESSED;"973.png; 974.png; 975.png";2;;;2015-10-06;21:21;NQZ5;0;4294,50;4297,25;11;4285,25;37;3,36;4304,75;41;4280,50;56;0;1;-60;4297,25;21:23;B;C;A;Ne;;;DOWN;zakreslená žlutá;hlavní;25,2;0,182;20:42 @ 4302,00;22:41 @ 4283,00;4294,75;10,30;4,00;4313,00;4320,00 modrá | 4300,25 modrá | 4293,25 modrá | 4285,25 modrá;4293,25 S/R modrá;MAE/MFE: okno do konce grafu (22:41);2026-09-28
GUESSED;"978.png; 979.png; 980.png";1;978;;2015-10-07;19:28;NQZ5;1;4293,75;4291,00;11;4307,75;56;5,09;4293,50;1;4329,25;142;1;0;275;4307,75;19:43;B;C;A;Ne;;;UP;zakreslená žlutá;hlavní;33,6;0,298;18:48 @ 4279,25;21:22 @ 4325,00;4291,00;11,14;5,00;4322,00 | 4307,75 | 4282,25;4314,50 modrá | 4297,00 modrá | 4290,25 modrá;4290,25 S/R modrá;MAE/MFE: okno do konce grafu (22:32);2026-09-28
GUESSED;"978.png; 979.png; 980.png";2;;;2015-10-07;20:42;NQZ5;0;4308,75;4311,00;9;4297,25;46;5,11;4310,25;6;4296,50;49;1;0;225;4297,25;20:51;B;C;A;Ano;;;DOWN;zakreslená žlutá;hlavní;39,7;0,373;20:06 @ 4320,25;21:15 @ 4294,50;4306,75;11,14;5,00;4322,00 | 4307,75 | 4282,25;4314,50 modrá | 4297,00 modrá | 4290,25 modrá;4307,75 OHLC;;2026-09-28
GUESSED;"978.png; 979.png; 980.png";3;;;2015-10-07;21:26;NQZ5;1;4308,50;4306,50;8;4314,50;24;3,00;4305,75;11;4312,00;14;0;1;-45;4306,50;21:28;A;C;A;Ne;;;UP;zakreslená žlutá;hlavní;31,7;0,278;20:52 @ 4297,25;22:33 @ 4321,00;4306,75;11,14;5,00;4322,00 | 4307,75 | 4282,25;4314,50 modrá | 4297,00 modrá | 4290,25 modrá;4307,75 OHLC;;2026-09-28
GUESSED;"981.png; 982.png";1;981;;2015-10-08;17:33;NQZ5;0;4287,50;4290,25;11;4280,50;28;2,55;4290,75;13;4280,75;27;0;1;-60;4290,25;17:58;B;B;B;Ne;;;DOWN;zakreslená žlutá;hlavní;23,6;0,180;15:46 @ 4307,50;20:12 @ 4259,50;4288,25;9,69;4,00;4275,25 | 4268,00;4318,50 modrá | 4311,00 modrá | 4304,25 modrá | 4290,25 modrá | 4280,50 modrá;4290,25 S/R modrá;;2026-09-28
GUESSED;"981.png; 982.png";2;;;2015-10-08;20:06;NQZ5;1;4288,50;4283,00;22;4304,25;63;2,86;4286,00;10;4326,25;151;1;0;310;4304,25;20:14;B;B;A;Ne;;;UP;zakreslená žlutá;hlavní;32,7;0,265;19:04 @ 4270,25;20:48 @ 4298,00;4286,75;9,69;4,00;4275,25 | 4268,00;4318,50 modrá | 4311,00 modrá | 4304,25 modrá | 4290,25 modrá | 4280,50 modrá;;MAE/MFE: okno do konce grafu (20:48);2026-09-28
GUESSED;"984.png; 985.png; 986.png";1;984;;2015-10-12;18:38;NQZ5;0;4373,75;4375,50;7;4369,25;18;2,57;4374,75;4;4362,00;47;1;0;85;4369,25;18:49;B;C;A;Ne;;;DOWN;zakreslená žlutá;hlavní;37,2;0,164;18:16 @ 4378,25;20:11 @ 4359,50;4374,50;18,52;4,00;4369,25;4374,50 černá | 4361,50 modrá;4374,50 S/R černá;MAE/MFE: okno do konce grafu (20:35);2026-09-28
GUESSED;"984.png; 985.png; 986.png";2;;;2015-10-12;20:02;NQZ5;1;4368,00;4367,00;4;4372,50;18;4,50;4368,00;0;4374,25;25;1;0;85;4372,50;20:07;A;A;A;Ne;;;UP;zakreslená žlutá;hlavní;28,6;0,118;19:18 @ 4362,75;20:36 @ 4372,00;4368,00;18,52;4,00;4369,25;4374,50 černá | 4361,50 modrá;4369,25 OHLC;MAE/MFE: okno do konce grafu (20:35);2026-09-28
GUESSED;"987.png; 988.png; 989.png";1;987;;2015-10-13;17:45;NQZ5;0;4379,75;4380,50;3;4374,75;20;6,67;4379,75;0;4357,25;90;1;0;95;4374,75;17:51;A;A;A;Ne;;;DOWN;zakreslená žlutá;hlavní;31,8;0,223;17:16 @ 4385,50;19:11 @ 4360,00;4379,25;13,91;5,00;4381,50 | 4378,75;4371,25 modrá | 4365,75 modrá | 4358,50 modrá;4378,75 OHLC;MAE/MFE: okno do konce grafu (20:24);2026-09-28
GUESSED;"990.png; 991.png; 992.png";1;990;;2015-10-14;20:48;NQZ5;0;4338,00;4340,00;8;4332,50;22;2,75;4338,25;1;4330,25;31;1;0;105;4332,50;20:52;A;C;B;Ne;;;DOWN;zakreslená žlutá;hlavní;47,8;0,437;20:01 @ 4361,00;21:23 @ 4325,25;4340,50;12,62;5,00;4340,00 | 4338,50;4361,00 modrá | 4352,00 modrá | 4344,25 modrá | 4332,50 černá | 4326,50 černá;4340,00 OHLC;"pozice šipky nesouhlasí s Position v infoboxu; Position v infoboxu (Long) nesouhlasí s IN/OUT/P/L ani se šipkou -> směr Short";2026-09-28
GUESSED;"990.png; 991.png; 992.png";2;;;2015-10-14;21:59;NQZ5;0;4336,75;4338,75;8;4332,50;17;2,13;4339,75;12;4325,25;46;0;1;-45;4338,75;22:00;A;B;B;Ne;;;DOWN;zakreslená žlutá;hlavní;38,0;0,310;21:32 @ 4347,25;22:41 @ 4330,50;4339,00;12,62;5,00;4340,00 | 4338,50;4361,00 modrá | 4352,00 modrá | 4344,25 modrá | 4332,50 černá | 4326,50 černá;4338,50 OHLC;"pozice šipky nesouhlasí s Position v infoboxu; Position v infoboxu (Long) nesouhlasí s IN/OUT/P/L ani se šipkou -> směr Short; MAE/MFE: okno do konce grafu (22:46)";2026-09-28
GUESSED;"993.png; 994.png";1;993;;2015-10-15;18:52;NQZ5;1;4365,50;4363,00;10;4373,75;33;3,30;4365,50;0;4387,25;87;1;0;160;4373,75;19:05;A;C;A;Ne;;;UP;zakreslená žlutá;hlavní;46,7;0,348;17:57 @ 4348,00;19:50 @ 4387,25;4367,25;12,21;4,00;4365,25;4373,75 černá | 4357,00 modrá | 4352,00 modrá | 4345,00 modrá;4365,25 OHLC;MAE/MFE: okno do konce grafu (20:11);2026-09-28
GUESSED;"996.png; 997.png; 998.png";1;996;;2015-10-19;19:11;NQZ5;0;4444,75;4447,25;10;4439,00;23;2,30;4446,00;5;4425,25;78;1;0;110;4439,00;19:14;B;C;B;Ne;;;DOWN;zakreslená žlutá;hlavní;20,8;0,102;18:00 @ 4454,50;20:52 @ 4437,00;4447,25;14,90;4,00;4439,00;4447,25 černá | 4433,25 modrá | 4428,25 modrá;4447,25 S/R černá;MAE/MFE: okno do konce grafu (20:52);2026-09-28
GUESSED;"1000.png; 1001.png; 1002.png";1;1000;;2015-10-20;19:16;NQZ5;0;4434,75;4437,25;10;4426,50;33;3,30;4435,25;2;4415,25;78;1;0;160;4426,50;19:24;A;B;A;Ne;;;DOWN;zakreslená žlutá;hlavní;16,7;0,077;17:30 @ 4443,75;21:59 @ 4423,00;4435,50;15,53;4,00;4434,50;4445,25 modrá | 4426,50 modrá | 4420,75 modrá;4434,50 OHLC;MAE/MFE: okno do konce grafu (22:39);2026-09-28
GUESSED;"1000.png; 1001.png; 1002.png";2;;;2015-10-20;21:06;NQZ5;1;4428,00;4426,25;7;4433,00;20;2,86;4425,50;10;4432,00;16;0;1;-40;4426,25;21:17;B;A;A;Ano;;;UP;zakreslená žlutá;hlavní;42,6;0,236;20:23 @ 4417,25;22:39 @ 4446,00;4427,50;15,53;4,00;4434,50;4445,25 modrá | 4426,50 modrá | 4420,75 modrá;4426,50 S/R modrá;;2026-09-28
GUESSED;"1005.png; 1006.png";1;1005;;2015-10-22;20:11;NQZ5;0;4477,75;4480,00;9;4472,25;22;2,44;4479,00;5;4467,00;43;1;0;105;4472,25;20:16;B;A;B;Ano;;;DOWN;zakreslená žlutá;hlavní;43,0;0,263;19:14 @ 4495,00;21:03 @ 4466,50;4480,00;14,19;4,00;;4490,50 černá | 4484,75 černá | 4479,25 černá | 4467,50 černá;4479,25 S/R černá;;2026-09-28
GUESSED;"1011.png; 1012.png; 1013.png";1;1011;;2015-10-27;20:51;NQZ5;1;4625,75;4623,75;8;4630,00;17;2,13;4624,00;7;4633,50;31;1;0;80;4630,00;20:59;B;C;A;Ne;;;UP;zakreslená žlutá;hlavní;23,3;0,085;18:25 @ 4613,25;23:16 @ 4631,75;4625,75;20,16;4,00;4630,00 | 4618,75 | 4613,00;4625,00 modrá;4625,00 S/R modrá;;2026-09-28
GUESSED;"1014.png; 1015.png; 1016.png";1;1014;;2015-10-28;16:57;NQZ5;1;4640,75;4639,75;4;4646,50;23;5,75;4640,75;0;4651,00;41;1;0;110;4646,50;16:58;B;C;A;Ano;;;UP;zakreslená žlutá;hlavní;33,5;0,171;16:26 @ 4635,25;18:43 @ 4658,75;4640,50;15,50;4,00;4651,75 | 4629,50;4646,50 černá | 4641,75 černá | 4635,00 modrá;4641,75 S/R černá;;2026-09-28
GUESSED;"1014.png; 1015.png; 1016.png";2;;;2015-10-28;20:20;NQZ5;1;4637,00;4635,75;5;4641,75;19;3,80;4635,00;8;4670,00;132;0;1;-30;4635,75;20:21;B;B;A;Ne;;;UP;zakreslená žlutá;hlavní;69,3;0,682;20:05 @ 4627,25;20:59 @ 4664,25;4637,50;15,50;4,00;4651,75 | 4629,50;4646,50 černá | 4641,75 černá | 4635,00 modrá;4635,00 S/R modrá;MAE/MFE: okno do konce grafu (20:59);2026-09-28
GUESSED;"1017.png; 1018.png";1;1017;;2015-10-29;17:12;NQZ5;1;4653,25;4651,25;8;4658,50;21;2,63;4652,25;4;4665,75;50;1;0;100;4658,50;17:21;B;B;B;Ne;;;UP;zakreslená žlutá;hlavní;13,7;0,054;15:09 @ 4645,75;20:11 @ 4662,00;4652,25;18,16;4,00;4664,25;4658,50 černá | 4651,25 černá | 4645,75 modrá;4651,25 S/R černá;MAE/MFE: okno do konce grafu (20:11);2026-09-28
GUESSED;"1017.png; 1018.png";2;;;2015-10-29;19:04;NQZ5;0;4657,50;4658,25;3;4651,25;25;8,33;4659,50;8;4654,75;11;0;1;-20;4658,25;19:05;B;C;A;Ne;;;DOWN;zakreslená žlutá;hlavní;31,8;0,136;18:15 @ 4665,00;20:11 @ 4649,25;4658,25;18,16;4,00;4664,25;4658,50 černá | 4651,25 černá | 4645,75 modrá;4658,50 S/R černá;;2026-09-28
GUESSED;"1020.png; 1021.png; 1022.png";1;1020;;2015-11-02;19:47;NQZ5;1;4679,50;4678,50;4;4682,75;13;3,25;4679,25;1;4693,75;57;1;0;60;4682,75;19:51;B;A;A;Ne;;;UP;zakreslená žlutá;hlavní;17,7;0,053;17:51 @ 4673,50;21:02 @ 4683,50;4679,75;24,25;4,00;;4693,75 černá | 4687,50 černá | 4683,25 černá | 4679,00 černá;4679,00 S/R černá;MAE/MFE: okno do konce grafu (21:02);2026-09-28
GUESSED;"1023.png; 1024.png";1;1023;;2015-11-03;19:51;NQZ5;1;4714,25;4713,50;3;4717,75;14;4,67;4714,00;1;4727,00;51;1;0;65;4717,75;20:05;B;B;A;Ano;;;UP;zakreslená žlutá;hlavní;43,0;0,141;18:43 @ 4703,50;21:30 @ 4727,00;4713,00;26,54;4,00;;4723,75 černá | 4717,75 černá | 4713,50 černá | 4710,00 černá;4713,50 S/R černá;;2026-09-28
GUESSED;"1026.png; 1027.png; 1029.png";1;1026;;2015-11-16;17:32;NQZ5;0;4496,00;4498,25;9;4489,00;28;3,11;4498,50;10;4492,50;14;0;1;-50;4498,25;17:33;B;B;B;Ne;;;DOWN;zakreslená žlutá;hlavní;44,4;0,303;16:25 @ 4518,75;18:03 @ 4489,25;4498,50;12,91;4,00;;4533,25 modrá | 4523,50 černá | 4512,25 černá | 4506,50 modrá | 4496,25 modrá;4496,25 S/R modrá;;2026-09-28
GUESSED;"1026.png; 1027.png; 1029.png";2;;;2015-11-16;18:53;NQZ5;1;4512,25;4510,00;9;4518,50;25;2,78;4511,00;5;4539,25;108;1;0;120;4518,50;18:59;B;A;B;Ne;;;UP;zakreslená žlutá;hlavní;39,4;0,255;17:32 @ 4489,25;20:13 @ 4530,50;4510,00;12,91;4,00;;4533,25 modrá | 4523,50 černá | 4512,25 černá | 4506,50 modrá | 4496,25 modrá;4512,25 S/R černá;MAE/MFE: okno do konce grafu (20:13);2026-09-28
GUESSED;"1032.png; 1033.png; 1034.png";1;1032;;2015-11-18;19:17;NQZ5;1;4609,75;4608,25;6;4614,75;20;3,33;4609,50;1;4620,50;43;1;0;95;4614,75;19:21;B;B;B;Ne;;;UP;zakreslená žlutá;hlavní;24,1;0,124;16:38 @ 4588,75;20:48 @ 4619,75;4608,50;14,43;4,00;4597,75;4614,75 černá | 4608,75 černá | 4590,00 modrá;4608,75 S/R černá;;2026-09-28
GUESSED;"1037.png; 1038.png";1;1037;;2016-01-19;18:37;NQH6;0;4150,25;4154,25;16;4142,25;32;2,00;4150,75;2;4130,50;79;1;0;155;4142,25;18:43;B;B;B;Ne;;;DOWN;zakreslená žlutá;hlavní;29,2;0,279;16:33 @ 4187,75;20:39 @ 4119,25;4153,25;7,99;4,00;4177,50 | 4132,75 | 4126,75;4167,00 modrá | 4154,50 modrá | 4142,25 modrá;4154,50 S/R modrá;;2026-09-29
GUESSED;"1040.png; 1042.png; 1043.png";1;1040;;2016-01-20;18:12;NQH6;0;4015,75;4020,00;17;4002,50;53;3,12;4018,50;11;3983,50;129;1;0;260;4002,50;18:21;B;A;B;Ne;;;DOWN;zakreslená žlutá;hlavní;36,3;0,716;17:37 @ 4046,00;19:19 @ 3972,75;4021,00;5,12;5,00;4091,50;4099,75 modrá | 4073,00 černá | 4055,25 černá | 4036,00 černá | 4017,00 černá | 4002,50 černá;;;2026-09-29
GUESSED;"1040.png; 1042.png; 1043.png";2;;;2016-01-20;20:43;NQH6;1;4076,50;4072,75;15;4091,25;59;3,93;4072,50;16;4110,25;135;0;1;-80;4072,75;20:47;B;C;B;Ne;;;UP;zakreslená žlutá;hlavní;37,6;0,751;18:49 @ 3986,75;21:12 @ 4094,00;4072,50;5,12;5,00;4091,50;4099,75 modrá | 4073,00 černá | 4055,25 černá | 4036,00 černá | 4017,00 černá | 4002,50 černá;4073,00 S/R černá;MAE/MFE: okno do konce grafu (21:09);2026-09-29
GUESSED;"1044.png; 1045.png";1;1044;;2016-01-21;17:43;NQH6;1;4152,50;4146,75;23;4166,50;56;2,43;4151,75;3;4192,25;159;1;0;275;4166,50;17:48;B;A;A;Ne;;;UP;zakreslená žlutá;hlavní;13,5;0,144;16:25 @ 4137,75;21:14 @ 4179,50;4149,00;6,64;4,00;4171,50 | 4141,00 | 4128,25;4149,00 modrá | 4111,50 černá;4149,00 S/R modrá;;2026-09-29
GUESSED;"1044.png; 1045.png";2;;;2016-01-21;20:04;NQH6;0;4151,75;4156,25;18;4141,00;43;2,39;4153,00;5;4115,75;144;1;0;210;4141,00;20:10;B;C;A;Ne;;;DOWN;zakreslená žlutá;hlavní;42,6;0,553;19:10 @ 4184,25;21:01 @ 4123,00;4154,50;6,64;4,00;4171,50 | 4141,00 | 4128,25;4149,00 modrá | 4111,50 černá;;;2026-09-29
GUESSED;"1044.png; 1045.png";3;;;2016-01-21;20:30;NQH6;0;4137,00;4141,00;16;4128,25;35;2,19;4154,00;68;4129,25;31;0;1;-85;4141,00;20:31;A;B;B;Ne;;;DOWN;zakreslená žlutá;hlavní;42,6;0,553;19:10 @ 4184,25;21:01 @ 4123,00;4140,00;6,64;4,00;4171,50 | 4141,00 | 4128,25;4149,00 modrá | 4111,50 černá;4141,00 OHLC;;2026-09-29
GUESSED;"1047.png; 1048.png; 1049.png";1;1047;;2016-01-25;19:25;NQH6;1;4252,50;4250,75;7;4259,75;29;4,14;4250,75;7;4255,75;13;0;1;-40;4250,75;19:34;A;A;A;Ne;;;UP;zakreslená žlutá;hlavní;45,1;0,404;18:33 @ 4232,00;19:59 @ 4266,75;4253,00;12,42;5,00;4253,00 | 4246,75;4235,25 modrá | 4228,75 černá | 4222,50 modrá | 4213,00 modrá;4253,00 OHLC;;2026-09-29
GUESSED;"1047.png; 1048.png; 1049.png";2;;;2016-01-25;20:38;NQH6;0;4235,00;4237,75;11;4228,75;25;2,27;4236,00;4;4224,50;42;1;0;120;4228,75;20:43;B;B;A;Ne;;;DOWN;zakreslená žlutá;hlavní;36,2;0,295;19:22 @ 4259,00;21:26 @ 4222,50;4236,75;12,42;5,00;4253,00 | 4246,75;4235,25 modrá | 4228,75 černá | 4222,50 modrá | 4213,00 modrá;4235,25 S/R modrá;;2026-09-29
GUESSED;"1050.png; 1051.png; 1053.png";1;1050;;2016-01-26;20:24;NQH6;0;4223,25;4224,75;6;4219,25;16;2,67;4223,50;1;4212,75;42;1;0;75;4219,25;20:25;B;A;A;Ne;;;DOWN;zakreslená žlutá;hlavní;46,3;0,339;19:26 @ 4243,75;21:43 @ 4197,25;4224,00;12,35;4,00;4247,50;4234,75 modrá | 4229,00 modrá | 4224,00 černá | 4211,50 černá;4224,00 S/R černá;;2026-09-29
GUESSED;"1054.png; 1055.png; 1056.png";1;1054;;2016-01-27;19:10;NQH6;0;4203,00;4205,50;10;4190,00;52;5,20;4205,00;8;4184,50;74;1;0;255;4190,00;19:40;B;C;A;Ne;;;DOWN;zakreslená žlutá;hlavní;35,9;0,335;18:16 @ 4219,00;20:22 @ 4176,75;4201,00;10,79;5,00;4210,75 | 4190,00;4232,50 modrá | 4222,50 modrá | 4203,50 modrá;4203,50 S/R modrá;;2026-09-29
GUESSED;"1058.png; 1059.png; 1060.png";1;1058;;2016-02-01;18:22;NQH6;0;4256,75;4259,50;11;4251,00;23;2,09;4257,50;3;4244,25;50;1;0;110;4251,00;18:26;B;A;A;Ne;;;DOWN;zakreslená žlutá;hlavní;40,9;0,378;17:45 @ 4270,00;19:33 @ 4229,00;4255,75;9,15;4,00;4271,25;4270,00 modrá | 4255,50 modrá | 4239,25 modrá;4255,50 S/R modrá;;2026-09-29
GUESSED;"1064.png; 1065.png; 1066.png";1;1064;;2016-02-03;18:28;NQH6;0;4136,25;4140,00;15;4120,75;62;4,13;4137,25;4;4093,00;173;1;0;305;4120,75;18:32;B;C;A;Ne;;;DOWN;zakreslená žlutá;hlavní;21,8;0,284;17:49 @ 4152,25;21:09 @ 4095,50;4141,00;5,64;4,00;4188,25 | 4170,75;4214,25 modrá | 4193,00 modrá | 4139,50 černá | 4120,75 černá | 4101,25 černá;4139,50 S/R černá;;2026-09-29
GUESSED;"1064.png; 1065.png; 1066.png";2;;;2016-02-03;21:16;NQH6;1;4172,50;4167,75;19;4186,75;57;3,00;4167,00;22;4178,75;25;0;1;-100;4167,75;21:22;A;A;A;Ano;;;UP;zakreslená žlutá;hlavní;55,4;1,027;20:04 @ 4093,25;21:40 @ 4191,75;4167,00;5,64;4,00;4188,25 | 4170,75;4214,25 modrá | 4193,00 modrá | 4139,50 černá | 4120,75 černá | 4101,25 černá;;;2026-09-29
GUESSED;"1067.png; 1069.png";1;1067;;2016-02-04;19:38;NQH6;1;4162,25;4160,50;7;4171,25;36;5,14;4157,50;19;4165,00;11;0;1;-40;4160,50;19:40;B;A;B;Ne;;;UP;zakreslená žlutá;hlavní;36,0;0,286;17:59 @ 4133,25;21:12 @ 4188,50;4161,75;10,15;4,00;4186,00 | 4172,00;4160,50 modrá | 4142,50 černá | 4131,75 modrá | 4120,50 modrá;4160,50 S/R modrá;;2026-09-29
GUESSED;"1067.png; 1069.png";2;;;2016-02-04;20:37;NQH6;0;4140,50;4142,50;8;4131,75;35;4,38;4140,50;0;4124,75;63;1;0;170;4131,75;20:39;B;C;B;Ne;;;DOWN;zakreslená žlutá;hlavní;50,1;0,472;19:36 @ 4170,25;21:01 @ 4130,25;4141,50;10,15;4,00;4186,00 | 4172,00;4160,50 modrá | 4142,50 černá | 4131,75 modrá | 4120,50 modrá;4142,50 S/R černá;;2026-09-29
GUESSED;"1067.png; 1069.png";3;;;2016-02-04;21:33;NQH6;1;4146,25;4142,50;15;4155,25;36;2,40;4144,25;8;4166,00;79;1;0;175;4155,25;21:38;B;A;B;Ne;;;UP;zakreslená žlutá;hlavní;41,1;0,343;20:39 @ 4125,00;22:53 @ 4166,00;4143,50;10,15;4,00;4186,00 | 4172,00;4160,50 modrá | 4142,50 černá | 4131,75 modrá | 4120,50 modrá;4142,50 S/R černá;MAE/MFE: okno do konce grafu (22:53);2026-09-29
GUESSED;"1074.png; 1076.png; 1077.png";1;1074;;2016-02-09;18:36;NQH6;0;3938,75;3944,00;21;3927,00;47;2,24;3941,25;10;3900,50;153;1;0;230;3927,00;18:42;B;C;A;Ano;;;DOWN;zakreslená žlutá;hlavní;43,6;0,509;17:31 @ 3971,75;20:18 @ 3886,75;3938,50;7,48;4,00;3961,50;3941,50 modrá | 3927,00 modrá | 3898,25 modrá;3941,50 S/R modrá;;2026-09-29
GUESSED;"1078.png; 1079.png; 1080.png";1;1078;;2016-02-10;17:33;NQH6;0;4001,75;4005,50;15;3982,25;78;5,20;4002,75;4;3978,50;93;1;0;385;3982,25;17:40;A;C;B;Ne;;;DOWN;zakreslená žlutá;hlavní;45,9;0,583;16:33 @ 4040,50;19:00 @ 3954,50;4005,50;7,09;4,00;4004,00 | 3958,75;3982,25 modrá | 3967,50 modrá;4004,00 OHLC;;2026-09-29
GUESSED;"1084.png; 1085.png; 1086.png";1;1084;;2016-02-16;17:31;NQH6;0;4067,25;4069,50;9;4062,25;20;2,22;4070,50;13;4063,50;15;0;1;-50;4069,50;17:38;B;B;B;Ne;;;DOWN;zakreslená žlutá;hlavní;34,5;0,206;15:45 @ 4091,25;18:30 @ 4057,25;4069,50;13,29;4,00;4091,50 | 4076,25;4081,50 černá | 4069,25 modrá | 4062,25 modrá;4069,25 S/R modrá;;2026-09-29
GUESSED;"1084.png; 1085.png; 1086.png";2;;;2016-02-16;18:13;NQH6;1;4076,50;4075,75;3;4081,50;20;6,67;4076,50;0;4084,50;32;1;0;95;4081,50;18:17;A;B;B;Ne;;;UP;zakreslená žlutá;hlavní;56,5;0,455;17:32 @ 4057,25;19:00 @ 4097,50;4075,75;13,29;4,00;4091,50 | 4076,25;4081,50 černá | 4069,25 modrá | 4062,25 modrá;4076,25 OHLC;;2026-09-29
GUESSED;"1088.png; 1089.png";1;1088;;2016-08-04;19:39;NQU6;0;4737,75;4738,75;4;4734,00;15;3,75;4743,25;22;4733,25;18;0;1;-25;4738,75;19:42;B;A;B;;;;DOWN;zakreslená žlutá;hlavní;26,7;0,075;18:07 @ 4745,75;21:45 @ 4729,50;4739,00;26,91;4,00;4729,25;4743,00 černá | 4736,75 černá;4736,75 S/R černá;TL převzata ze zakreslené čáry v 1089.png;2026-09-29
GUESSED;"1088.png; 1089.png";2;;;2016-08-04;21:25;NQU6;1;4738,00;4737,00;4;4743,00;20;5,00;4737,75;1;4746,25;33;1;0;95;4743,00;21:35;B;C;B;;;;UP;zakreslená žlutá;hlavní;23,4;0,064;20:19 @ 4733,50;22:43 @ 4741,75;4737,75;26,91;4,00;4729,25;4743,00 černá | 4736,75 černá;4736,75 S/R černá;"MAE/MFE: okno do konce grafu (22:43); TL převzata ze zakreslené čáry v 1089.png";2026-09-29
GUESSED;"1091.png; 1092.png";1;1091;;2016-08-05;17:44;NQU6;1;4793,50;4792,75;3;4795,75;9;3,00;4793,00;2;4801,25;31;1;0;40;4795,75;17:47;B;B;B;;;;UP;zakreslená žlutá;hlavní;21,0;0,063;16:29 @ 4788,25;19:58 @ 4801,50;4793,00;30,34;5,00;;4795,75 černá | 4792,75 černá | 4788,00 černá;4792,75 S/R černá;;2026-09-29
GUESSED;"1094.png; 1095.png";1;1094;;2016-08-11;18:27;NQU6;1;4800,50;4799,50;4;4804,00;14;3,50;4799,50;4;4801,75;5;0;1;-25;4799,50;18:29;A;C;A;;;;UP;zakreslená žlutá;hlavní;30,7;0,110;16:17 @ 4787,50;19:52 @ 4811,00;4801,75;21,64;4,00;4800,25 | 4793,50;4804,00 černá;4800,25 OHLC;;2026-09-29
GUESSED;"1094.png; 1095.png";2;;;2016-08-11;19:34;NQU6;1;4801,00;4800,25;3;4804,00;12;4,00;4800,50;2;4807,50;26;1;0;55;4804,00;19:50;A;C;B;;;;UP;zakreslená žlutá;hlavní;15,2;0,050;17:17 @ 4794,50;21:01 @ 4805,75;4801,50;21,64;4,00;4800,25 | 4793,50;4804,00 černá;4800,25 OHLC;;2026-09-29
GUESSED;"1097.png; 1098.png";1;1097;;2016-08-12;19:41;NQU6;0;4794,75;4795,50;3;4792,25;10;3,33;4794,75;0;4791,50;13;1;0;45;4792,25;19:50;B;C;B;;;;DOWN;zakreslená žlutá;hlavní;11,4;0,039;18:32 @ 4798,00;22:04 @ 4789,75;4795,25;25,78;5,00;4811,00 | 4800,50;4805,75 modrá | 4795,50 modrá | 4792,25 černá;4795,50 S/R modrá;;2026-09-29
GUESSED;"1097.png; 1098.png";2;;;2016-08-12;21:56;NQU6;1;4801,25;4800,50;3;4803,75;10;3,33;4801,00;1;4806,25;20;1;0;45;4803,75;21:59;A;A;B;;;;UP;zakreslená žlutá;hlavní;22,2;0,079;20:03 @ 4791,75;22:48 @ 4803,75;4800,75;25,78;5,00;4811,00 | 4800,50;4805,75 modrá | 4795,50 modrá | 4792,25 černá;4800,50 OHLC;MAE/MFE: okno do konce grafu (22:48);2026-09-29
GUESSED;1101.png;1;1101;;2016-08-18;19:35;NQU6;1;4804,25;4803,50;3;4807,00;11;3,67;4804,25;0;4816,00;47;1;0;50;4807,00;19:39;;C;B;;;;UP;odhad (TL nezakreslena);;43,4;0,140;18:57 @ 4798,75;19:22 @ 4802,25;4804,00;33,82;5,00;4809,75 | 4807,00 | 4800,75;4804,00 modrá;4804,00 S/R modrá;;2026-09-29
GUESSED;1101.png;2;;;2016-08-18;20:40;NQU6;0;4806,50;4807,25;3;4804,00;10;3,33;4807,50;4;4805,00;6;0;1;-20;4807,25;20:49;;C;B;;;;;;;;;;;;33,82;5,00;4809,75 | 4807,00 | 4800,75;4804,00 modrá;;TL nenalezena (žádná linie u vstupu);2026-09-29
GUESSED;"1103.png; 1104.png";1;1103;;2016-08-19;21:11;NQU6;1;4804,50;4803,25;5;4807,75;13;2,60;4804,25;1;4809,00;18;1;0;60;4807,75;21:26;;C;B;;;;UP;zakreslená žlutá;hlavní;33,1;0,097;19:32 @ 4793,75;22:35 @ 4810,00;4803,25;33,70;5,00;4808,25 | 4807,75;4803,25 modrá | 4798,25 modrá;4803,25 S/R modrá;;2026-09-29
GUESSED;"1106.png; 1107.png";1;1106;;2016-09-15;21:57;NQZ6;0;4818,75;4820,25;6;4814,75;16;2,67;4819,50;3;4811,50;29;1;0;75;4814,75;22:00;;A;B;;;;DOWN;zakreslená žlutá;hlavní;10,9;0,061;21:02 @ 4823,50;22:49 @ 4818,00;4820,25;15,78;5,00;;4819,75 černá | 4813,75 černá | 4804,50 černá | 4795,75 černá;4819,75 S/R černá;MAE/MFE: okno do konce grafu (22:49);2026-09-29
GUESSED;"1109.png; 1110.png";1;1109;;2016-09-16;19:31;NQZ6;0;4801,50;4803,50;8;4794,50;28;3,50;4802,25;3;4793,50;32;1;0;135;4794,50;19:44;;C;A;;;;DOWN;zakreslená žlutá;hlavní;35,4;0,154;18:26 @ 4812,25;20:11 @ 4796,00;4802,25;23,08;5,00;4812,25;4817,25 modrá | 4802,75 modrá | 4794,50 modrá;4802,75 S/R modrá;;2026-09-29
GUESSED;"1109.png; 1110.png";2;;;2016-09-16;20:38;NQZ6;1;4804,25;4802,75;6;4812,25;32;5,33;4802,50;7;4817,25;52;0;1;-35;4802,75;21:00;;C;B;;;;UP;zakreslená žlutá;hlavní;51,9;0,276;20:02 @ 4793,75;21:29 @ 4817,50;4803,50;23,08;5,00;4812,25;4817,25 modrá | 4802,75 modrá | 4794,50 modrá;4802,75 S/R modrá;MAE/MFE: okno do konce grafu (21:45);2026-09-29
GUESSED;"1112.png; 1113.png";1;1112;;2016-09-22;18:09;NQZ6;1;4880,25;4878,50;7;4887,00;27;3,86;4879,50;3;4892,25;48;1;0;130;4887,00;19:02;;C;A;;;;UP;zakreslená žlutá;hlavní;21,9;0,070;17:13 @ 4875,50;22:09 @ 4896,25;4879,50;22,88;4,00;;4887,00 černá | 4879,25 černá | 4874,50 černá;4879,25 S/R černá;;2026-09-29
GUESSED;"1112.png; 1113.png";2;;;2016-09-22;21:13;NQZ6;0;4886,50;4888,50;8;4879,25;29;3,63;4888,75;9;4884,25;9;0;1;-45;4888,50;21:30;;C;A;;;;DOWN;zakreslená žlutá;hlavní;11,9;0,037;19:14 @ 4892,00;22:09 @ 4885,50;4887,75;22,88;4,00;;4887,00 černá | 4879,25 černá | 4874,50 černá;4887,00 S/R černá;"pozice šipky nesouhlasí s Position v infoboxu; Position v infoboxu (Long) nesouhlasí s IN/OUT/P/L ani se šipkou -> směr Short";2026-09-29
GUESSED;"1115.png; 1116.png";1;1115;;2016-09-23;17:56;NQZ6;1;4871,25;4870,25;4;4874,75;14;3,50;4870,50;3;4877,00;23;1;0;65;4874,75;18:12;;A;B;;;;UP;zakreslená žlutá;hlavní;17,4;0,074;16:37 @ 4865,25;19:10 @ 4876,75;4871,25;21,05;5,00;4887,50;4881,25 modrá | 4877,00 modrá | 4870,25 černá | 4865,25 černá;4870,25 S/R černá;MAE/MFE: okno do konce grafu (19:10);2026-09-29
GUESSED;"1118.png; 1119.png";1;1118;;2016-09-29;18:32;NQZ6;1;4854,50;4852,75;7;4859,50;20;2,86;4823,00;126;4871,50;68;0;1;-40;4852,75;18:35;;A;B;;;;UP;zakreslená žlutá;hlavní;20,8;0,151;17:42 @ 4845,50;19:42 @ 4863,75;4853,25;12,55;5,00;4857,50 | 4844,75;4852,75 modrá | 4835,75 černá | 4826,00 černá;4852,75 S/R modrá;MAE/MFE: okno do konce grafu (21:43);2026-09-29
GUESSED;"1118.png; 1119.png";2;;;2016-09-29;21:13;NQZ6;0;4842,25;4844,75;10;4835,75;26;2,60;4842,25;0;4830,00;49;1;0;125;4835,75;21:20;;C;B;;;;DOWN;zakreslená žlutá;hlavní;26,3;0,197;20:36 @ 4851,00;21:44 @ 4837,75;4843,75;12,55;5,00;4857,50 | 4844,75;4852,75 modrá | 4835,75 černá | 4826,00 černá;4844,75 OHLC;;2026-09-29
GUESSED;"1121.png; 1123.png";1;1121;;2016-09-30;20:51;NQZ6;1;4880,00;4879,00;4;4883,25;13;3,25;4879,25;3;4885,50;22;1;0;60;4883,25;21:01;;A;A;;;;UP;zakreslená žlutá;hlavní;22,3;0,068;20:09 @ 4877,25;22:14 @ 4885,75;4880,00;24,05;4,00;4876,50 | 4866,75;4880,00 černá;4880,00 S/R černá;;2026-09-29
GUESSED;"1121.png; 1123.png";2;;;2016-09-30;21:50;NQZ6;0;4880,50;4881,75;5;4876,50;16;3,20;4883,00;10;4864,50;64;0;1;-30;4881,75;21:51;;C;A;;;;DOWN;zakreslená žlutá;hlavní;34,1;0,113;21:16 @ 4884,50;23:00 @ 4874,50;4880,75;24,05;4,00;4876,50 | 4866,75;4880,00 černá;4880,00 S/R černá;MAE/MFE: okno do konce grafu (22:59);2026-09-29
GUESSED;"1125.png; 1126.png";1;1125;;2016-10-06;18:55;NQZ6;0;4874,75;4876,25;6;4870,00;19;3,17;4874,75;0;4868,00;27;1;0;90;4870,00;19:10;;A;B;;;;DOWN;zakreslená žlutá;hlavní;15,9;0,060;18:06 @ 4878,00;22:38 @ 4862,50;4875,00;18,83;4,00;4888,50 | 4876,25 | 4856,50;4882,00 modrá | 4867,50 modrá;4876,25 OHLC;;2026-09-29
GUESSED;"1131.png; 1132.png";1;1131;;2016-10-13;20:37;NQZ6;1;4802,00;4800,25;7;4806,50;18;2,57;4800,75;5;4811,00;36;1;0;85;4806,50;20:50;;B;B;;;;UP;zakreslená žlutá;hlavní;43,6;0,300;19:39 @ 4785,25;21:44 @ 4822,75;4802,75;15,87;5,00;4822,25 | 4806,50 | 4800,25;4815,00 modrá | 4786,00 černá;4800,25 OHLC;;2026-09-29
GUESSED;"1135.png; 1136.png";1;1135;;2016-10-14;18:24;NQZ6;0;4804,75;4805,75;4;4800,75;16;4,00;4822,75;72;4800,25;18;0;1;-25;4805,75;18:26;;A;B;;;;DOWN;zakreslená žlutá;hlavní;50,6;0,357;16:54 @ 4838,25;18:59 @ 4793,25;4806,00;13,64;4,00;4813,00 | 4804,75 | 4794,75;;4804,75 OHLC;MAE/MFE: okno do konce grafu (21:56);2026-09-29
GUESSED;"1135.png; 1136.png";2;;;2016-10-14;20:38;NQZ6;0;4811,00;4813,00;8;4804,75;25;3,13;4811,00;0;4800,25;43;1;0;120;4804,75;20:53;;C;B;;;;DOWN;zakreslená žlutá;hlavní;23,4;0,127;19:33 @ 4819,75;21:56 @ 4801,75;4811,50;13,64;4,00;4813,00 | 4804,75 | 4794,75;;4813,00 OHLC;;2026-09-29
GUESSED;"1139.png; 1140.png";1;1139;;2016-10-20;21:16;NQZ6;1;4829,75;4828,50;5;4835,25;22;4,40;4828,25;6;4831,25;6;0;1;-30;4828,50;21:19;;A;A;;;;UP;zakreslená žlutá;hlavní;28,5;0,170;20:00 @ 4815,25;22:37 @ 4839,50;4828,25;16,03;5,00;4840,25 | 4830,00 | 4823,75 | 4811,00;4836,25 modrá;4830,00 OHLC;;2026-09-29
GUESSED;"1142.png; 1143.png";1;1142;;2016-10-21;17:36;NQZ6;1;4837,25;4836,25;4;4841,00;15;3,75;4836,75;2;4845,25;32;1;0;70;4841,00;17:45;;C;A;;;;UP;zakreslená žlutá;hlavní;51,2;0,180;17:08 @ 4831,50;18:37 @ 4847,50;4836,75;27,68;4,00;4847,25 | 4845,00;4841,00 černá | 4837,00 černá | 4834,25 modrá;4837,00 S/R černá;datum odvozeno z pořadí obrázků (screenshot bez hlavičky s datem);2026-09-29
GUESSED;"1142.png; 1143.png";2;;;2016-10-21;18:55;NQZ6;0;4838,00;4838,75;3;4834,25;15;5,00;4842,00;16;4834,25;15;0;1;-20;4838,75;18:56;;C;A;;;;DOWN;zakreslená žlutá;hlavní;41,7;0,129;18:01 @ 4844,75;19:43 @ 4831,50;4837,75;27,68;4,00;4847,25 | 4845,00;4841,00 černá | 4837,00 černá | 4834,25 modrá;4837,00 S/R černá;datum odvozeno z pořadí obrázků (screenshot bez hlavičky s datem);2026-09-29
GUESSED;"1142.png; 1143.png";3;;;2016-10-21;20:34;NQZ6;1;4842,00;4841,00;4;4845,00;12;3,00;4841,75;1;4847,25;21;1;0;55;4845,00;20:39;;C;B;;;;UP;zakreslená žlutá;hlavní;36,1;0,105;19:34 @ 4835,75;21:35 @ 4848,50;4842,00;27,68;4,00;4847,25 | 4845,00;4841,00 černá | 4837,00 černá | 4834,25 modrá;4841,00 S/R černá;"MAE/MFE: okno do konce grafu (21:35); datum odvozeno z pořadí obrázků (screenshot bez hlavičky s datem)";2026-09-29
GUESSED;"1145.png; 1146.png";1;1145;;2016-10-27;20:03;NQZ6;0;4847,25;4848,00;3;4843,00;17;5,67;4847,25;0;4842,75;18;1;0;80;4843,00;20:10;;A;A;;;;DOWN;zakreslená žlutá;hlavní;16,9;0,093;18:35 @ 4853,75;22:51 @ 4831,25;4845,50;16,22;5,00;4853,75 | 4839,50;4862,75 modrá | 4847,00 modrá;4847,00 S/R modrá;;2026-09-29
GUESSED;"1145.png; 1146.png";2;;;2016-10-27;20:59;NQZ6;0;4839,00;4840,00;4;4836,25;11;2,75;4841,00;8;4829,25;39;0;1;-25;4840,00;21:00;;A;A;;;;DOWN;zakreslená žlutá;hlavní;39,0;0,250;20:16 @ 4849,50;21:31 @ 4830,75;4838,75;16,22;5,00;4853,75 | 4839,50;4862,75 modrá | 4847,00 modrá;4839,50 OHLC;;2026-09-29
GUESSED;"1148.png; 1149.png";1;1148;;2016-10-28;19:47;NQZ6;0;4805,25;4808,50;13;4797,25;32;2,46;4806,75;6;4786,50;75;1;0;155;4797,25;19:58;;A;A;;;;DOWN;zakreslená žlutá;hlavní;51,1;0,732;19:00 @ 4836,50;20:19 @ 4778,75;4802,25;8,45;5,00;4852,00 | 4823,75 | 4804,25;4844,50 modrá | 4831,00 modrá;4804,25 OHLC;;2026-09-29
GUESSED;"1152.png; 1153.png";1;1152;;2016-11-03;19:55;NQZ6;0;4686,50;4688,00;6;4682,25;17;2,83;4687,50;4;4671,50;60;1;0;80;4682,25;20:08;;B;B;;;;DOWN;zakreslená žlutá;hlavní;16,7;0,071;17:36 @ 4697,00;21:53 @ 4680,00;4687,25;21,10;5,00;4695,75;4692,25 černá | 4688,00 černá | 4682,25 černá;4688,00 S/R černá;MAE/MFE: okno do konce grafu (21:44);2026-09-29
GUESSED;"1155.png; 1156.png";1;1155;;2016-11-04;18:20;NQZ6;1;4691,00;4690,00;4;4694,75;15;3,75;4690,00;4;4692,75;7;0;1;-25;4690,00;18:24;;B;B;;;;UP;zakreslená žlutá;hlavní;24,2;0,130;17:42 @ 4685,75;19:16 @ 4698,00;4690,75;17,28;5,00;4673,50 | 4668,25;4694,75 modrá | 4690,00 modrá | 4681,00 modrá;4690,00 S/R modrá;;2026-09-29
GUESSED;"1155.png; 1156.png";2;;;2016-11-04;20:17;NQZ6;0;4672,00;4673,50;6;4668,25;15;2,50;4672,00;0;4657,75;57;1;0;70;4668,25;20:20;;A;C;;;;DOWN;zakreslená žlutá;hlavní;38,5;0,230;19:17 @ 4687,00;21:39 @ 4657,75;4673,25;17,28;5,00;4673,50 | 4668,25;4694,75 modrá | 4690,00 modrá | 4681,00 modrá;4673,50 OHLC;"pozice šipky nesouhlasí s Position v infoboxu; Position v infoboxu (Long) nesouhlasí s IN/OUT/P/L ani se šipkou -> směr Short; MAE/MFE: okno do konce grafu (21:58)";2026-09-29
GUESSED;"1158.png; 1159.png";1;1158;;2016-11-17;21:22;NQZ6;1;4818,00;4817,00;4;4822,25;17;4,25;4817,50;2;4831,00;52;1;0;80;4822,25;21:26;;A;A;;;;UP;zakreslená žlutá;hlavní;38,9;0,134;20:33 @ 4810,25;22:55 @ 4827,25;4816,75;24,14;4,00;;4823,75 černá | 4818,50 černá;4818,50 S/R černá;MAE/MFE: okno do konce grafu (22:55);2026-09-29
GUESSED;"1165.png; 1166.png";1;1165;;2016-11-25;17:36;NQZ6;1;4864,00;4863,25;3;4865,75;7;2,33;4863,00;4;4870,00;24;0;1;-20;4863,25;17:37;;A;A;;;;UP;zakreslená žlutá;hlavní;43,2;0,149;16:57 @ 4857,75;18:11 @ 4868,75;4863,50;31,64;5,00;4863,50 | 4863,00;4858,00 modrá;4863,50 OHLC;MAE/MFE: okno do konce grafu (19:10);2026-09-29
GUESSED;"1168.png; 1169.png";1;1168;;2016-12-01;18:31;NQZ6;0;4745,50;4749,00;14;4738,00;30;2,14;4748,00;10;4726,50;76;1;0;145;4738,00;18:46;;A;A;;;;DOWN;zakreslená žlutá;hlavní;38,1;0,353;17:46 @ 4760,75;19:44 @ 4719,00;4744,75;11,10;5,00;;4746,75 černá | 4735,25 černá | 4727,75 černá;4746,75 S/R černá;MAE/MFE: okno do konce grafu (21:17);2026-09-29
GUESSED;"1168.png; 1169.png";2;;;2016-12-01;20:36;NQZ6;1;4734,50;4732,25;9;4741,75;29;3,22;4734,00;2;4743,00;34;1;0;140;4741,75;20:44;;A;A;;;;UP;zakreslená žlutá;hlavní;25,0;0,210;20:12 @ 4729,00;21:17 @ 4742,75;4734,25;11,10;5,00;;4746,75 černá | 4735,25 černá | 4727,75 černá;4735,25 S/R černá;;2026-09-29
GUESSED;"1172.png; 1173.png";1;1172;;2016-12-02;19:53;NQZ6;1;4735,50;4734,75;3;4738,25;11;3,67;4735,50;0;4739,00;14;1;0;50;4738,25;19:55;;A;B;;;;UP;zakreslená žlutá;hlavní;17,5;0,073;19:16 @ 4732,25;21:02 @ 4740,00;4735,00;21,54;5,00;4734,75;4755,75 modrá | 4746,75 modrá;4734,75 OHLC;;2026-09-29
GUESSED;"1172.png; 1173.png";2;;;2016-12-02;20:41;NQZ6;1;4735,25;4734,25;4;4738,75;14;3,50;4734,00;5;4736,50;5;0;1;-25;4734,25;20:43;;A;A;;;;UP;zakreslená žlutá;hlavní;32,8;0,149;20:11 @ 4730,75;21:28 @ 4742,25;4735,25;21,54;5,00;4734,75;4755,75 modrá | 4746,75 modrá;4734,75 OHLC;infobox IN 4735,25 nesedí s close vstupní svíčky 4736,50;2026-09-29
GUESSED;"1175.png; 1179.png";1;1175;;2016-12-08;17:54;NQZ6;1;4855,50;4853,50;8;4863,00;30;3,75;4855,25;1;4869,50;56;1;0;145;4863,00;18:23;;A;A;;;;UP;zakreslená žlutá;hlavní;13,3;0,071;16:13 @ 4846,75;20:15 @ 4863,75;4853,75;16,62;5,00;4854,75 | 4845,25;4864,25 černá | 4849,75 modrá | 4838,50 modrá;4854,75 OHLC;Trh podle hlavičky grafu NQZ6 (front-month dle data NQH7);2026-09-29
GUESSED;"1181.png; 1184.png";1;1181;;2016-12-09;18:39;NQZ6;0;4891,00;4892,50;6;4886,50;18;3,00;4891,00;0;4878,50;50;1;0;85;4886,50;18:58;;B;B;;;;DOWN;zakreslená žlutá;hlavní;8,0;0,043;16:41 @ 4896,75;20:13 @ 4887,75;4891,75;16,49;5,00;;4892,50 černá | 4886,50 černá;4892,50 S/R černá;"Trh podle hlavičky grafu NQZ6 (front-month dle data NQH7); MAE/MFE: okno do konce grafu (20:12)";2026-09-29
GUESSED;"1187.png; 1189.png";1;1187;;2016-12-15;21:29;NQH7;1;4932,50;4930,50;8;4937,50;20;2,50;4932,50;0;4943,00;42;1;0;95;4937,50;21:31;;C;A;;;;UP;zakreslená žlutá;hlavní;11,3;0,070;20:24 @ 4927,50;22:05 @ 4934,75;4932,00;14,27;5,00;4957,50 | 4937,50 | 4931,50;4944,25 modrá | 4924,50 modrá;4931,50 OHLC;;2026-09-29
GUESSED;"1192.png; 1193.png";1;1192;;2016-12-16;20:03;NQH7;1;4911,50;4910,75;3;4914,00;10;3,33;4909,50;8;4919,50;32;0;1;-20;4910,75;20:06;;A;A;;;;UP;zakreslená žlutá;hlavní;15,2;0,057;19:16 @ 4908,25;22:03 @ 4917,75;4911,00;19,10;4,00;4930,50 | 4918,25;4913,50 černá | 4910,50 černá;4910,50 S/R černá;;2026-09-29
GUESSED;"1192.png; 1193.png";2;;;2016-12-16;20:39;NQH7;1;4913,50;4911,75;7;4918,25;19;2,71;4913,25;1;4919,00;22;1;0;90;4918,25;20:45;;C;A;;;;UP;zakreslená žlutá;hlavní;15,2;0,057;19:16 @ 4908,25;22:03 @ 4917,75;4913,00;19,10;4,00;4930,50 | 4918,25;4913,50 černá | 4910,50 černá;4913,50 S/R černá;infobox IN 4913,50 nesedí s close vstupní svíčky 4914,25;2026-09-29
GUESSED;"1195.png; 1197.png";1;1195;;2016-12-22;18:56;NQH7;1;4924,75;4922,75;8;4929,75;20;2,50;4923,25;6;4936,00;45;1;0;95;4929,75;19:20;;C;A;;;;UP;zakreslená žlutá;hlavní;19,9;0,070;17:52 @ 4918,00;21:49 @ 4934,75;4922,50;20,55;4,00;4939,25;4934,25 černá | 4929,75 černá | 4923,50 černá;4923,50 S/R černá;;2026-09-29
GUESSED;"1201.png; 1203.png";1;1201;;2016-12-29;21:35;NQH7;1;4913,00;4912,25;3;4916,50;14;4,67;4912,50;2;4921,25;33;1;0;65;4916,50;21:50;;A;A;;;;UP;zakreslená žlutá;hlavní;24,8;0,096;19:59 @ 4903,50;22:46 @ 4918,25;4912,75;24,03;5,00;4922,25 | 4920,25;4928,50 modrá | 4916,50 černá | 4912,75 černá;4912,75 S/R černá;MAE/MFE: okno do konce grafu (22:46);2026-09-29
GUESSED;"1211.png; 1213.png";1;1211;;2017-01-05;18:43;NQH7;1;4949,25;4948,50;3;4954,00;19;6,33;4949,00;1;4964,25;60;1;0;90;4954,00;18:53;;C;B;;;;UP;zakreslená žlutá;hlavní;32,9;0,124;18:02 @ 4943,50;20:30 @ 4962,00;4948,75;26,06;5,00;;4957,25 černá | 4954,00 černá | 4948,50 černá;4948,50 S/R černá;MAE/MFE: okno do konce grafu (21:49);2026-09-29
GUESSED;"1211.png; 1213.png";2;;;2017-01-05;20:30;NQH7;1;4954,75;4954,00;3;4957,25;10;3,33;4954,00;3;4955,75;4;0;1;-20;4954,00;20:34;;C;B;;;;UP;zakreslená žlutá;hlavní;27,9;0,102;20:00 @ 4951,50;21:49 @ 4962,50;4954,50;26,06;5,00;;4957,25 černá | 4954,00 černá | 4948,50 černá;4954,00 S/R černá;;2026-09-29
GUESSED;"1217.png; 1218.png";1;1217;;2017-01-11;21:43;NQH7;1;5041,50;5039,25;9;5047,00;22;2,44;5041,00;2;5047,50;24;1;0;105;5047,00;22:02;;C;A;;;;UP;zakreslená žlutá;hlavní;22,1;0,119;20:52 @ 5035,25;22:36 @ 5045,75;5041,25;17,13;5,00;5047,00 | 5033,50 | 5022,00;5040,75 modrá | 5024,75 modrá;5040,75 S/R modrá;MAE/MFE: okno do konce grafu (22:36);2026-09-29
GUESSED;"1227.png; 1228.png";1;1227;;2017-01-12;20:31;NQH7;0;5029,00;5030,25;5;5025,25;15;3,00;5034,00;20;5027,00;8;0;1;-30;5030,25;20:32;;A;A;;;;DOWN;zakreslená žlutá;hlavní;6,5;0,025;19:50 @ 5030,25;21:21 @ 5028,00;5029,25;22,84;5,00;5032,75;5040,50 modrá | 5029,00 modrá | 5024,00 modrá;5029,00 S/R modrá;;2026-09-29
GUESSED;"1227.png; 1228.png";2;;;2017-01-12;21:04;NQH7;1;5028,50;5027,00;6;5032,75;17;2,83;5027,75;3;5039,75;45;1;0;80;5032,75;21:30;;B;A;;;;UP;zakreslená žlutá;hlavní;22,9;0,092;19:27 @ 5020,50;22:37 @ 5036,75;5029,50;22,84;5,00;5032,75;5040,50 modrá | 5029,00 modrá | 5024,00 modrá;5029,00 S/R modrá;MAE/MFE: okno do konce grafu (22:37);2026-09-29
GUESSED;"1232.png; 1233.png";1;1232;;2017-01-13;19:13;NQH7;1;5058,00;5057,25;3;5060,75;11;3,67;5058,00;0;5061,25;13;1;0;50;5060,75;19:21;;A;B;;;;UP;zakreslená žlutá;hlavní;30,6;0,105;18:29 @ 5052,75;20:06 @ 5063,00;5057,50;28,11;5,00;;5060,75 černá | 5058,00 černá | 5055,00 černá;5058,00 S/R černá;infobox IN 5058,00 nesedí s close vstupní svíčky 5059,00;2026-09-29
GUESSED;"1232.png; 1233.png";2;;;2017-01-13;20:52;NQH7;0;5054,75;5055,50;3;5051,50;13;4,33;5056,00;5;5054,00;3;0;1;-20;5055,50;20:56;;A;A;;;;DOWN;zakreslená žlutá;hlavní;22,9;0,075;19:34 @ 5061,50;22:10 @ 5049,75;5055,75;28,11;5,00;;5060,75 černá | 5058,00 černá | 5055,00 černá;5055,00 S/R černá;;2026-09-29
GUESSED;"1235.png; 1236.png";1;1235;;2017-01-18;17:43;NQH7;0;5045,25;5046,00;3;5042,50;11;3,67;5045,50;1;5034,00;45;1;0;50;5042,50;17:50;;A;A;;;;DOWN;zakreslená žlutá;hlavní;27,9;0,102;16:49 @ 5049,75;19:46 @ 5031,50;5044,25;25,88;5,00;5053,50 | 5051,50 | 5040,00;5044,00 modrá | 5032,75 modrá;5044,00 S/R modrá;MAE/MFE: okno do konce grafu (20:50);2026-09-29
GUESSED;"1235.png; 1236.png";2;;;2017-01-18;20:10;NQH7;1;5040,50;5039,50;4;5044,00;14;3,50;5039,75;3;5045,00;18;1;0;65;5044,00;20:19;;C;A;;;;UP;zakreslená žlutá;hlavní;22,3;0,079;19:25 @ 5036,25;20:51 @ 5043,00;5039,75;25,88;5,00;5053,50 | 5051,50 | 5040,00;5044,00 modrá | 5032,75 modrá;5040,00 OHLC;;2026-09-29
GUESSED;"1239.png; 1241.png";1;1239;;2017-01-19;19:03;NQH7;0;5057,50;5058,75;5;5054,75;11;2,20;5058,50;4;5039,50;72;1;0;50;5054,75;19:08;;A;A;;;;DOWN;zakreslená žlutá;hlavní;18,5;0,080;18:16 @ 5061,00;21:28 @ 5045,75;5057,25;21,09;5,00;5057,25 | 5053,75 | 5040,50;5047,00 modrá;5057,25 OHLC;MAE/MFE: okno do konce grafu (21:45);2026-09-29
GUESSED;"1239.png; 1241.png";2;;;2017-01-19;19:45;NQH7;0;5053,25;5054,25;4;5050,25;12;3,26;5053,75;2;5039,50;55;1;0;55;5050,25;20:00;;A;A;;;;DOWN;zakreslená žlutá;hlavní;18,5;0,080;18:16 @ 5061,00;21:28 @ 5045,75;5054,00;21,09;5,00;5057,25 | 5053,75 | 5040,50;5047,00 modrá;5053,75 OHLC;"pozice šipky nesouhlasí s Position v infoboxu; Position v infoboxu (Long) nesouhlasí s IN/OUT/P/L ani se šipkou -> směr Short; RRR 3.26 vs PT/SL 12/4=3.00; MAE/MFE: okno do konce grafu (21:45)";2026-09-29
GUESSED;"1246.png; 1248.png";1;1246;;2017-02-02;17:43;NQH7;0;5150,75;5151,75;4;5138,75;48;12,00;5150,75;0;5132,25;74;1;0;235;5138,75;17:52;;C;A;;;;DOWN;zakreslená žlutá;hlavní;41,0;0,256;17:20 @ 5156,25;18:48 @ 5133,75;5150,50;17,01;5,00;5158,25 | 5149,50 | 5132,00;5138,75 modrá;5149,50 OHLC;MAE/MFE: okno do konce grafu (20:09);2026-09-29
GUESSED;"1246.png; 1248.png";2;;;2017-02-02;18:56;NQH7;1;5139,50;5138,75;3;5145,25;23;7,67;5138,50;4;5141,00;6;0;1;-20;5138,75;19:02;;A;B;;;;UP;zakreslená žlutá;hlavní;29,7;0,168;18:14 @ 5132,75;19:57 @ 5150,00;5139,75;17,01;5,00;5158,25 | 5149,50 | 5132,00;5138,75 modrá;5138,75 S/R modrá;;2026-09-29
GUESSED;"1250.png; 1251.png";1;1250;;2017-02-03;18:37;NQH7;1;5150,75;5149,75;4;5157,50;27;6,75;5149,75;4;5153,00;9;0;1;-25;5149,75;19:02;;C;A;;;;UP;zakreslená žlutá;hlavní;39,0;0,156;17:46 @ 5143,00;19:43 @ 5161,50;5151,00;20,79;4,00;5157,50 | 5147,75;5151,25 černá | 5142,00 modrá;5151,25 S/R černá;;2026-09-29
GUESSED;"1250.png; 1251.png";2;;;2017-02-03;20:26;NQH7;1;5151,50;5149,75;7;5157,50;24;3,26;5151,00;2;5165,00;54;1;0;115;5157,50;20:54;;C;A;;;;UP;zakreslená žlutá;hlavní;26,0;0,094;19:48 @ 5147,75;22:04 @ 5160,50;5151,25;20,79;4,00;5157,50 | 5147,75;5151,25 černá | 5142,00 modrá;5151,25 S/R černá;"RRR 3.26 vs PT/SL 24/7=3.43; MAE/MFE: okno do konce grafu (22:15)";2026-09-29
GUESSED;"1256.png; 1257.png";1;1256;;2017-02-09;21:44;NQH7;0;5212,50;5213,50;4;5210,25;9;2,25;5212,75;1;5208,25;17;1;0;40;5210,25;21:46;;A;A;;;;DOWN;zakreslená žlutá;hlavní;48,8;0,196;21:10 @ 5219,00;22:38 @ 5204,75;5212,25;29,16;5,00;;5218,25 černá | 5213,25 černá | 5206,25 černá;5213,25 S/R černá;graf přes půlnoc – datum obchodu 2017-02-09 (hlavička 2017-02-10);2026-09-29
GUESSED;"1261.png; 1263.png";1;1261;;2017-02-10;18:18;NQH7;1;5224,00;5222,75;5;5227,00;12;2,40;5223,00;4;5232,25;33;1;0;55;5227,00;18:33;;A;B;;;;UP;zakreslená žlutá;hlavní;42,7;0,122;17:37 @ 5217,75;19:44 @ 5233,25;5222,75;30,12;4,00;5219,25;5227,00 černá | 5223,25 černá;5223,25 S/R černá;MAE/MFE: okno do konce grafu (21:47);2026-09-29
GUESSED;"1261.png; 1263.png";2;;;2017-02-10;21:02;NQH7;0;5226,75;5227,50;3;5224,50;9;3,00;5229,00;9;5223,75;12;0;1;-20;5227,50;21:03;;A;B;;;;DOWN;zakreslená žlutá;hlavní;23,5;0,058;19:47 @ 5231,50;21:47 @ 5224,50;5227,25;30,12;4,00;5219,25;5227,00 černá | 5223,25 černá;5227,00 S/R černá;MAE/MFE: okno do konce grafu (21:47);2026-09-29
GUESSED;"1267.png; 1268.png";1;1267;;2017-02-16;21:28;NQH7;1;5297,25;5295,75;6;5303,25;24;4,00;5296,75;2;5304,25;28;1;0;115;5303,25;22:00;;C;A;;;;UP;zakreslená žlutá;hlavní;39,1;0,130;20:39 @ 5290,25;22:12 @ 5302,25;5296,75;24,92;4,00;;5303,25 modrá | 5297,50 černá | 5293,00 černá | 5289,00 modrá;5297,50 S/R černá;MAE/MFE: okno do konce grafu (22:12);2026-09-29
GUESSED;"1272.png; 1273.png";1;1272;;2017-02-17;18:31;NQH7;1;5307,00;5306,00;4;5310,00;12;3,00;5306,25;3;5312,25;21;1;0;55;5310,00;18:58;;A;A;;;;UP;zakreslená žlutá;hlavní;31,7;0,114;17:27 @ 5299,50;19:58 @ 5316,75;5306,75;27,06;5,00;5317,00 | 5313,00 | 5301,50;5306,75 modrá | 5296,75 modrá;5306,75 S/R modrá;MAE/MFE: okno do konce grafu (20:16);2026-09-29
GUESSED;"1281.png; 1282.png";1;1281;;2017-02-23;19:40;NQH7;0;5329,50;5330,25;3;5325,50;16;5,33;5331,25;7;5327,75;7;0;1;-20;5330,25;19:41;;B;B;;;;DOWN;zakreslená žlutá;hlavní;16,3;0,050;18:38 @ 5333,00;22:02 @ 5322,75;5329,75;29,01;5,00;5336,25;5339,75 modrá | 5330,25 černá | 5325,50 černá;5330,25 S/R černá;;2026-09-29
GUESSED;"1281.png; 1282.png";2;;;2017-02-23;20:30;NQH7;1;5330,00;5329,25;3;5333,75;15;5,00;5329,75;1;5337,50;30;1;0;70;5333,75;20:48;;A;A;;;;UP;zakreslená žlutá;hlavní;19,7;0,062;19:27 @ 5325,75;22:11 @ 5336,00;5329,75;29,01;5,00;5336,25;5339,75 modrá | 5330,25 černá | 5325,50 černá;5330,25 S/R černá;;2026-09-29
GUESSED;"1285.png; 1286.png";1;1285;;2017-02-24;18:54;NQH7;1;5323,00;5322,25;3;5326,50;14;4,67;5322,00;4;5325,50;10;0;1;-20;5322,25;19:06;;A;A;;;;UP;zakreslená žlutá;hlavní;31,7;0,131;18:02 @ 5316,75;20:02 @ 5332,50;5323,75;23,53;5,00;5331,50 | 5320,50;5323,75 modrá | 5316,00 modrá;5323,75 S/R modrá;;2026-09-29
GUESSED;"1285.png; 1286.png";2;;;2017-02-24;20:26;NQH7;1;5324,25;5322,75;6;5331,50;29;4,83;5323,75;2;5329,00;19;1;0;140;5331,50;;;C;A;;;;UP;zakreslená žlutá;hlavní;27,4;0,110;19:39 @ 5319,00;21:08 @ 5329,00;5324,25;23,53;5,00;5331,50 | 5320,50;5323,75 modrá | 5316,00 modrá;5323,75 S/R modrá;MAE/MFE: okno do konce grafu (21:08);2026-09-29
REAL;9999.png;1;9999;476;2014-02-06;18:17;NQH4;0;3493,25;3494,75;6;3488,25;20;3,33;3494,25;4;3484,50;35;1;0;95;3488,25;19:18;B;A;B;;3494,25;3491,50;DOWN;zakreslená žlutá;hlavní;20,7;0,050;16:47 @ 3499,25;21:26 @ 3485,25;3495,00;30,33;4,00;;3499,25 černá | 3494,25 černá | 3486,00 černá;3494,25 S/R černá;"deník řádek 479 (obchod 476); rozdíl obrázek vs deník: čas obrázek 18:15 / deník 18:17";2026-09-29
